Image,Confidence,X1,Y1,X2,Y2
Herpes (100).jpg,0.5959334373474121,138,111,198,165
Herpes (100).jpg,0.40377259254455566,91,46,145,115
Herpes (100).jpg,0.3922763764858246,154,19,270,113
Herpes (101).jpg,0.7959386706352234,58,36,120,122
Herpes (102).jpg,0.6300740242004395,43,127,91,184
Herpes (102).jpg,0.5727027058601379,105,86,165,184
Herpes (102).jpg,0.38138794898986816,144,11,251,78
Herpes (102).jpg,0.36245211958885193,174,11,238,68
Herpes (107).jpg,0.6599833369255066,33,60,101,131
Herpes (107).jpg,0.49001121520996094,53,43,205,135
Herpes (107).jpg,0.443808913230896,149,46,206,94
Herpes (107).jpg,0.4004156291484833,107,44,207,132
Herpes (108).jpg,0.640225350856781,51,36,172,112
Herpes (108).jpg,0.5779534578323364,51,37,175,147
Herpes (108).jpg,0.5075017213821411,177,24,258,114
Herpes (108).jpg,0.43988460302352905,214,75,250,111
Herpes (108).jpg,0.2944599390029907,176,59,209,91
Herpes (108).jpg,0.29380369186401367,145,90,182,152
Herpes (109).jpg,0.5996794104576111,31,47,134,132
Herpes (109).jpg,0.5052425861358643,69,63,135,133
Herpes (109).jpg,0.466777503490448,119,118,155,154
Herpes (109).jpg,0.261388897895813,194,49,241,96
Herpes (11).png,0.4033162295818329,371,149,400,174
Herpes (11).png,0.3431461751461029,177,188,199,212
Herpes (11).png,0.3382115960121155,318,243,339,263
Herpes (11).png,0.3178899586200714,343,296,370,323
Herpes (11).png,0.3154718279838562,412,115,429,134
Herpes (11).png,0.2877158224582672,175,273,209,303
Herpes (11).png,0.2825720012187958,181,271,214,300
Herpes (11).png,0.26549625396728516,175,184,208,214
Herpes (11).png,0.25096026062965393,444,103,458,118
Herpes (110).jpg,0.6375890374183655,145,16,228,71
Herpes (110).jpg,0.6273519992828369,50,71,182,135
Herpes (111).jpg,0.7718072533607483,49,2,148,79
Herpes (111).jpg,0.3540201187133789,211,142,234,160
Herpes (111).jpg,0.29782798886299133,173,90,197,108
Herpes (111).jpg,0.29362809658050537,287,108,298,119
Herpes (112).jpg,0.660148561000824,134,117,156,140
Herpes (112).jpg,0.40714341402053833,181,105,209,152
Herpes (112).jpg,0.32642894983291626,132,113,158,143
Herpes (113).jpg,0.609749436378479,22,42,163,223
Herpes (113).jpg,0.47600221633911133,24,42,130,210
Herpes (113).jpg,0.41591835021972656,24,41,102,140
Herpes (114).jpg,0.7193945050239563,80,23,165,116
Herpes (119).jpg,0.33089208602905273,129,36,182,123
Herpes (12).jpeg,0.8133640885353088,187,17,242,80
Herpes (12).jpg,0.7100584506988525,157,168,199,213
Herpes (12).jpg,0.4502910375595093,48,208,141,301
Herpes (12).png,0.7319099307060242,227,164,678,535
Herpes (12).png,0.27465373277664185,509,279,678,485
Herpes (120).jpg,0.6918808221817017,23,0,298,157
Herpes (120).jpg,0.3098289668560028,230,29,299,165
Herpes (121).jpg,0.3260992467403412,148,12,164,25
Herpes (122).jpg,0.8088147640228271,133,23,209,118
Herpes (123).jpg,0.53470379114151,94,36,163,105
Herpes (123).jpg,0.5261096358299255,174,35,229,120
Herpes (123).jpg,0.32893478870391846,0,70,24,103
Herpes (123).jpg,0.2552253007888794,133,39,156,67
Herpes (124).jpg,0.5378396511077881,162,46,275,181
Herpes (124).jpg,0.39155781269073486,6,3,145,122
Herpes (124).jpg,0.25776755809783936,180,12,225,49
Herpes (125).jpg,0.7974807024002075,129,13,283,159
Herpes (125).jpg,0.37519195675849915,196,113,230,150
Herpes (126).jpg,0.38619083166122437,163,87,203,122
Herpes (126).jpg,0.37514162063598633,182,0,201,11
Herpes (13).jpeg,0.8286060690879822,90,34,180,140
Herpes (18).jpg,0.26666080951690674,58,201,133,256
Herpes (19).jpeg,0.7623587250709534,53,58,131,132
Herpes (19).jpeg,0.7179287075996399,47,59,132,156
Herpes (19).jpg,0.5810947418212891,634,117,1084,463
Herpes (19).jpg,0.2663416862487793,751,108,1075,448
Herpes (19).jpg,0.2538507878780365,472,71,616,187
Herpes (20).jpeg,0.7982006669044495,105,0,300,151
Herpes (23).jpeg,0.7490534782409668,18,39,222,170
Herpes (23).jpg,0.2679380178451538,479,347,630,508
Herpes (24).jpeg,0.4618857502937317,55,0,150,175
Herpes (24).jpeg,0.4253634512424469,57,1,154,127
Herpes (24).jpg,0.2790016829967499,264,0,639,512
Herpes (24).jpg,0.27046799659729004,153,0,640,539
Herpes (29).jpg,0.5381742715835571,153,243,187,277
Herpes (29).jpg,0.4479903280735016,301,176,322,196
Herpes (29).jpg,0.38934409618377686,164,354,195,381
Herpes (29).jpg,0.3513411283493042,241,207,275,236
Herpes (29).jpg,0.3387466073036194,279,104,300,127
Herpes (29).jpg,0.3296656906604767,233,120,254,139
Herpes (29).jpg,0.2811133861541748,285,146,304,166
Herpes (29).jpg,0.28081056475639343,285,149,301,167
Herpes (3).png,0.7467273473739624,7,45,396,297
Herpes (3).png,0.2590521275997162,1,112,84,227
Herpes (30).jpeg,0.3192474842071533,253,95,349,224
Herpes (30).jpeg,0.27114731073379517,293,152,341,213
Herpes (30).jpg,0.7996115684509277,409,41,527,175
Herpes (31).jpeg,0.722270131111145,446,6,604,182
Herpes (31).jpeg,0.6288233399391174,103,4,269,257
Herpes (31).jpeg,0.4294743537902832,760,138,1004,467
Herpes (31).jpeg,0.37916243076324463,1110,78,1150,115
Herpes (31).jpeg,0.3367541432380676,683,128,1011,491
Herpes (31).jpeg,0.2502560019493103,450,485,497,527
Herpes (31).jpg,0.7514689564704895,144,7,923,514
Herpes (32).jpg,0.6361120343208313,314,170,402,258
Herpes (32).jpg,0.4117838144302368,321,183,399,252
Herpes (32).jpg,0.32075199484825134,83,195,118,229
Herpes (38).jpg,0.463268518447876,169,401,680,903
Herpes (39).jpg,0.5872361660003662,100,53,198,171
Herpes (39).jpg,0.26423072814941406,118,53,200,147
Herpes (4).jpeg,0.7515805959701538,136,67,365,208
Herpes (4).jpeg,0.5355929136276245,312,156,449,243
Herpes (4).jpeg,0.4218365550041199,258,77,365,174
Herpes (4).png,0.4968453049659729,367,22,391,46
Herpes (4).png,0.47913843393325806,406,0,804,220
Herpes (4).png,0.25091227889060974,496,175,540,210
Herpes (44).jpg,0.4058625102043152,615,0,952,483
Herpes (44).jpg,0.3818661868572235,501,33,576,113
Herpes (44).jpg,0.29537567496299744,216,15,603,372
Herpes (5).jpeg,0.4199793040752411,229,76,617,363
Herpes (5).jpeg,0.3733428716659546,208,176,418,362
Herpes (5).jpeg,0.3279551863670349,429,147,508,248
Herpes (5).png,0.3717244565486908,256,505,319,565
Herpes (5).png,0.2708292305469513,130,404,186,468
Herpes (50).jpg,0.52525395154953,255,35,824,426
Herpes (50).jpg,0.25065529346466064,593,22,825,297
Herpes (51).jpg,0.25379273295402527,235,206,837,608
Herpes (51).jpg,0.25261175632476807,714,405,814,504
Herpes (52).jpg,0.6126540899276733,63,47,222,196
Herpes (52).jpg,0.45418065786361694,287,40,533,217
Herpes (52).jpg,0.33746108412742615,393,69,521,187
Herpes (53).jpg,0.4511951804161072,262,126,500,320
Herpes (54).jpg,0.7711908221244812,255,108,768,608
Herpes (54).jpg,0.35044679045677185,1148,485,1210,546
Herpes (54).jpg,0.3248293101787567,1238,575,1280,672
Herpes (54).jpg,0.2719980478286743,1044,594,1112,666
Herpes (54).jpg,0.2677086293697357,1044,364,1111,441
Herpes (54).jpg,0.2630230486392975,1227,566,1280,677
Herpes (55).jpg,0.804495632648468,302,103,692,479
Herpes (55).jpg,0.5042133927345276,249,89,694,663
Herpes (56).jpg,0.794003427028656,89,87,311,280
Herpes (56).jpg,0.7871199250221252,370,169,556,294
Herpes (66).jpg,0.7330005764961243,148,107,444,349
Herpes (66).jpg,0.26650571823120117,333,182,444,317
Herpes (67).jpg,0.3725762665271759,124,205,203,285
Herpes (67).jpg,0.30268657207489014,121,209,185,278
Herpes (68).jpg,0.7775735259056091,112,125,233,220
Herpes (68).jpg,0.5168612003326416,136,19,270,117
Herpes (68).jpg,0.4936217963695526,444,63,463,80
Herpes (68).jpg,0.4390903115272522,271,5,322,37
Herpes (68).jpg,0.4326198399066925,388,103,410,123
Herpes (68).jpg,0.37163007259368896,49,98,71,119
Herpes (68).jpg,0.2959851324558258,324,134,344,152
Herpes (68).jpg,0.28970158100128174,326,108,345,125
Herpes (68).jpg,0.2895573675632477,438,114,454,129
Herpes (68).jpg,0.2538268566131592,80,222,107,244
Herpes (7).png,0.7190210223197937,1563,99,2455,847
Herpes (7).png,0.6870324611663818,283,246,783,830
Herpes (7).png,0.3341256380081177,1384,976,1652,1198
Herpes (7).png,0.31749486923217773,1110,302,1498,800
Herpes (7).png,0.30909788608551025,1412,992,1639,1173
Herpes (74).jpg,0.5873711705207825,328,203,402,278
Herpes (76).jpg,0.5789783000946045,155,44,211,95
Herpes (76).jpg,0.5713688135147095,57,146,153,264
Herpes (76).jpg,0.5052317976951599,177,162,318,309
Herpes (76).jpg,0.4636068344116211,305,97,331,121
Herpes (76).jpg,0.29822346568107605,154,42,222,108
Herpes (77).jpg,0.5487708449363708,168,3,257,62
Herpes (77).jpg,0.4810638129711151,296,94,474,229
Herpes (77).jpg,0.3469606637954712,198,6,262,61
Herpes (77).jpg,0.32234305143356323,89,87,467,225
Herpes (77).jpg,0.2710709273815155,55,98,392,216
Herpes (78).jpg,0.3745538890361786,253,126,306,170
Herpes (79).jpg,0.6943323016166687,338,11,406,105
Herpes (79).jpg,0.6379956603050232,177,222,270,311
Herpes (79).jpg,0.6012107133865356,176,82,355,217
Herpes (79).jpg,0.5562358498573303,266,83,351,195
Herpes (79).jpg,0.45064687728881836,275,22,326,74
Herpes (79).jpg,0.4435330927371979,174,79,356,280
Herpes (79).jpg,0.35970714688301086,48,55,164,228
Herpes (80).jpg,0.42601481080055237,62,57,165,146
Herpes (80).jpg,0.3139558434486389,59,58,192,255
Herpes (81).jpg,0.8936179280281067,39,48,148,141
Herpes (83).jpg,0.7106665372848511,93,76,147,118
Herpes (84).jpg,0.7534011602401733,68,58,257,175
Herpes (84).jpg,0.2539801001548767,236,34,258,64
Herpes (85).jpg,0.5803689360618591,213,66,244,95
Herpes (85).jpg,0.4991782009601593,249,59,275,87
Herpes (85).jpg,0.4621058404445648,88,0,272,158
Herpes (85).jpg,0.4534987211227417,225,99,269,137
Herpes (85).jpg,0.4152704179286957,79,76,144,158
Herpes (85).jpg,0.3599153161048889,92,0,214,87
Herpes (85).jpg,0.3593686819076538,163,10,189,34
Herpes (85).jpg,0.2533739507198334,95,78,143,153
Herpes (86).jpg,0.607452929019928,78,0,233,139
Herpes (86).jpg,0.42126962542533875,174,42,205,83
Herpes (86).jpg,0.3322344124317169,147,1,181,29
Herpes (86).jpg,0.2584003210067749,152,2,182,21
Herpes (87).jpg,0.39300310611724854,167,1,275,118
Herpes (88).jpg,0.33258092403411865,244,87,268,110
Herpes (88).jpg,0.31938502192497253,85,31,103,49
Herpes (88).jpg,0.31859859824180603,130,69,148,87
Herpes (88).jpg,0.3179533779621124,247,88,267,106
Herpes (88).jpg,0.29515737295150757,32,31,52,54
Herpes (88).jpg,0.2940388321876526,128,69,149,91
Herpes (88).jpg,0.2894730865955353,161,7,180,27
Herpes (88).jpg,0.28724899888038635,46,118,72,144
Herpes (88).jpg,0.2700197994709015,239,84,270,112
Herpes (89).jpg,0.8442626595497131,6,37,252,164
Herpes (9).jpg,0.5819137692451477,818,193,1038,498
Herpes (9).jpg,0.4460422694683075,513,192,797,468
Herpes (9).jpg,0.31511080265045166,129,333,239,444
Herpes (9).png,0.4921140670776367,444,70,540,147
Herpes (9).png,0.3968004286289215,96,152,368,297
Herpes (90).jpg,0.7584609389305115,43,45,191,137
Herpes (91).jpg,0.789617657661438,39,91,107,150
Herpes (92).jpg,0.28223147988319397,122,35,174,74
Herpes (93).jpg,0.7653418779373169,85,77,170,139
Herpes (95).jpg,0.6131097674369812,68,54,171,151
Herpes (95).jpg,0.4137296974658966,113,62,172,137
Herpes (95).jpg,0.31633710861206055,81,49,112,90
Herpes (96).jpg,0.5687799453735352,107,87,166,157
Herpes (96).jpg,0.4996868073940277,51,52,78,82
Herpes (96).jpg,0.36755311489105225,105,88,173,176
Herpes (96).jpg,0.3332761824131012,101,205,125,219
Herpes (96).jpg,0.30280327796936035,29,0,55,38
Herpes (96).jpg,0.2823391258716583,47,199,62,211
Herpes (97).jpg,0.4985613524913788,49,26,254,133
Herpes (97).jpg,0.2694374620914459,121,25,261,131
Herpes (98).jpg,0.698482096195221,90,54,130,92
Herpes (98).jpg,0.6063648462295532,59,160,103,194
Herpes (98).jpg,0.529708981513977,145,60,204,95
Herpes (98).jpg,0.4858246445655823,41,102,100,158
Herpes (98).jpg,0.3467264473438263,101,57,130,90
Herpes (98).jpg,0.2638515532016754,145,60,205,125
Herpes (99).jpg,0.6223459243774414,81,0,213,84
Herpes (99).jpg,0.5914738178253174,76,0,199,141
Melanoma (1).jpg,0.848522424697876,170,37,474,396
Melanoma (10).jpg,0.4334903955459595,201,137,387,317
Melanoma (10).jpg,0.2953028678894043,543,50,599,124
Melanoma (100).jpg,0.8901875019073486,97,68,464,374
Melanoma (11).jpg,0.8117545247077942,62,37,508,380
Melanoma (12).jpg,0.7952873110771179,102,69,488,371
Melanoma (12).jpg,0.2827664315700531,227,68,488,375
Melanoma (13).jpg,0.9275721311569214,45,27,511,427
Melanoma (14).jpg,0.8801109790802002,166,9,536,397
Melanoma (14).jpg,0.2973843216896057,203,12,228,33
Melanoma (14).jpg,0.2555144429206848,255,5,272,21
Melanoma (15).jpg,0.7622146606445312,53,84,590,450
Melanoma (15).jpg,0.4454928934574127,52,84,512,361
Melanoma (16).jpg,0.9546829462051392,94,12,547,409
Melanoma (17).jpg,0.8194206953048706,207,123,382,353
Melanoma (18).jpg,0.6040255427360535,176,93,417,299
Melanoma (19).jpg,0.45254218578338623,149,131,462,336
Melanoma (19).jpg,0.28009504079818726,147,125,468,426
Melanoma (19).jpg,0.2518356144428253,151,107,600,450
Melanoma (2).jpg,0.8153939247131348,75,12,525,435
Melanoma (20).jpg,0.9400097131729126,114,11,506,418
Melanoma (22).jpg,0.6861738562583923,237,159,347,274
Melanoma (23).jpg,0.8967326879501343,168,111,431,310
Melanoma (24).jpg,0.9735249876976013,31,0,588,442
Melanoma (25).jpg,0.6989034414291382,106,44,416,444
Melanoma (25).jpg,0.2571527659893036,118,7,600,439
Melanoma (26).jpg,0.8578095436096191,197,126,396,340
Melanoma (27).jpg,0.5942280292510986,429,33,600,335
Melanoma (27).jpg,0.503290593624115,444,33,599,260
Melanoma (27).jpg,0.4830998182296753,143,41,544,381
Melanoma (27).jpg,0.4462704360485077,8,53,427,393
Melanoma (27).jpg,0.38668689131736755,140,51,400,381
Melanoma (28).jpg,0.7499358057975769,163,58,422,418
Melanoma (29).jpg,0.923086941242218,119,46,450,357
Melanoma (3).jpg,0.669758677482605,292,78,472,290
Melanoma (3).jpg,0.5078874230384827,2,0,480,364
Melanoma (3).jpg,0.29434362053871155,72,149,263,360
Melanoma (30).jpg,0.8478435277938843,103,88,539,405
Melanoma (31).jpg,0.919744610786438,21,44,590,440
Melanoma (32).jpg,0.8758598566055298,139,13,533,376
Melanoma (32).jpg,0.32223835587501526,114,210,132,227
Melanoma (33).jpg,0.9057120680809021,145,89,477,343
Melanoma (34).jpg,0.2624175250530243,245,211,344,300
Melanoma (35).jpg,0.7673879265785217,132,165,260,304
Melanoma (36).jpg,0.7671515941619873,417,25,600,325
Melanoma (36).jpg,0.39371299743652344,71,0,241,282
Melanoma (36).jpg,0.25204500555992126,60,0,495,299
Melanoma (37).jpg,0.9091291427612305,225,126,367,275
Melanoma (38).jpg,0.8169549107551575,172,109,404,345
Melanoma (39).jpg,0.8067987561225891,220,145,405,329
Melanoma (39).jpg,0.764623761177063,88,120,216,256
Melanoma (4).jpg,0.8344202041625977,135,83,589,372
Melanoma (40).jpg,0.9037081003189087,183,178,395,373
Melanoma (41).jpg,0.5288167595863342,226,6,555,449
Melanoma (41).jpg,0.4527055621147156,110,2,546,345
Melanoma (41).jpg,0.33057859539985657,0,1,490,325
Melanoma (41).jpg,0.3126995861530304,1,95,194,446
Melanoma (42).jpg,0.6175829172134399,189,63,600,443
Melanoma (42).jpg,0.5344964861869812,19,21,199,228
Melanoma (42).jpg,0.42302024364471436,380,0,600,444
Melanoma (42).jpg,0.289257675409317,443,4,600,277
Melanoma (42).jpg,0.2623531222343445,229,59,461,438
Melanoma (43).jpg,0.9719783067703247,53,0,598,445
Melanoma (44).jpg,0.70290207862854,196,157,422,329
Melanoma (44).jpg,0.4456184208393097,285,160,421,299
Melanoma (45).jpg,0.8038045763969421,226,140,354,277
Melanoma (46).jpg,0.8601647615432739,139,79,460,402
Melanoma (47).jpg,0.9475951790809631,11,0,593,446
Melanoma (48).jpg,0.9151474237442017,126,66,459,368
Melanoma (49).jpg,0.580059826374054,186,170,377,299
Melanoma (49).jpg,0.3845806121826172,235,168,375,283
Melanoma (49).jpg,0.25419119000434875,391,85,447,143
Melanoma (5).jpg,0.8751605153083801,148,98,420,329
Melanoma (50).jpg,0.8956484198570251,108,3,593,447
Melanoma (51).jpg,0.8769568800926208,111,0,589,376
Melanoma (51).jpg,0.44319453835487366,427,130,600,442
Melanoma (52).jpg,0.8745323419570923,170,87,417,381
Melanoma (53).jpg,0.8866117596626282,132,0,450,448
Melanoma (54).jpg,0.7230839729309082,128,64,486,369
Melanoma (55).jpg,0.6986819505691528,169,94,415,318
Melanoma (56).jpg,0.8204919695854187,57,62,524,422
Melanoma (57).jpg,0.7745469212532043,236,172,359,310
Melanoma (58).jpg,0.7005841135978699,95,65,598,450
Melanoma (59).jpg,0.82181715965271,145,91,427,309
Melanoma (6).jpg,0.8502535820007324,158,35,440,407
Melanoma (60).jpg,0.9117326736450195,235,144,388,294
Melanoma (61).jpg,0.9273502230644226,133,90,485,377
Melanoma (62).jpg,0.8690752387046814,240,57,422,283
Melanoma (63).jpg,0.8775188326835632,145,80,472,429
Melanoma (64).jpg,0.9122046232223511,163,51,456,376
Melanoma (65).jpg,0.6357241868972778,168,138,416,312
Melanoma (66).jpg,0.7638776302337646,133,35,585,395
Melanoma (67).jpg,0.29200977087020874,361,0,600,250
Melanoma (68).jpg,0.8025587201118469,203,136,398,331
Melanoma (69).jpg,0.8966628313064575,101,18,472,400
Melanoma (70).jpg,0.4086182415485382,125,10,581,446
Melanoma (70).jpg,0.25704047083854675,234,5,574,390
Melanoma (71).jpg,0.7856915593147278,60,13,600,448
Melanoma (72).jpg,0.7569155097007751,202,112,438,364
Melanoma (73).jpg,0.8597831130027771,143,101,415,345
Melanoma (74).jpg,0.9642801880836487,37,9,582,440
Melanoma (75).jpg,0.8129718899726868,169,63,425,388
Melanoma (76).jpg,0.592212975025177,67,0,596,447
Melanoma (76).jpg,0.3949788510799408,189,56,600,445
Melanoma (77).jpg,0.7157683372497559,60,0,600,297
Melanoma (77).jpg,0.5488191843032837,400,0,600,325
Melanoma (78).jpg,0.8964493274688721,112,39,573,416
Melanoma (79).jpg,0.9792552590370178,19,0,576,444
Melanoma (8).jpg,0.645993173122406,393,168,600,399
Melanoma (8).jpg,0.27407681941986084,70,105,209,371
Melanoma (80).jpg,0.3456558585166931,157,94,437,443
Melanoma (81).jpg,0.7761476635932922,6,11,598,450
Melanoma (82).jpg,0.8735625743865967,150,82,460,345
Melanoma (83).jpg,0.7527329325675964,214,131,359,296
Melanoma (84).jpg,0.9025793075561523,75,55,460,407
Melanoma (85).jpg,0.8468312621116638,208,142,385,314
Melanoma (86).jpg,0.694914698600769,238,161,348,266
Melanoma (87).jpg,0.7311197519302368,120,87,460,375
Melanoma (88).jpg,0.8351364135742188,180,61,420,361
Melanoma (89).jpg,0.8642293214797974,102,29,488,442
Melanoma (9).jpg,0.7722935676574707,130,84,378,376
Melanoma (9).jpg,0.2837546467781067,423,68,600,450
Melanoma (90).jpg,0.6540944576263428,91,0,487,390
Melanoma (90).jpg,0.6381232738494873,461,360,548,442
Melanoma (90).jpg,0.277130663394928,0,99,341,448
Melanoma (91).jpg,0.7830177545547485,72,67,509,360
Melanoma (92).jpg,0.2889721095561981,60,1,600,317
Melanoma (92).jpg,0.2631588578224182,149,114,424,394
Melanoma (93).jpg,0.918427586555481,27,117,487,363
Melanoma (94).jpg,0.3142484426498413,256,16,598,448
Melanoma (95).jpg,0.8478450775146484,170,144,386,312
Melanoma (96).jpg,0.7866634130477905,120,64,451,414
Melanoma (97).jpg,0.8674143552780151,89,101,459,354
Melanoma (98).jpg,0.8454983234405518,139,61,471,386
Melanoma (99).jpg,0.9118233323097229,145,125,415,362
MonkeyPox (1).jpeg,0.6932746767997742,44,185,79,216
MonkeyPox (1).jpeg,0.5932950377464294,357,9,385,34
MonkeyPox (1).jpeg,0.5746912360191345,224,172,251,197
MonkeyPox (1).jpeg,0.45822811126708984,371,186,409,213
MonkeyPox (1).jpeg,0.3161180019378662,57,18,81,42
MonkeyPox (1).jpeg,0.2944217622280121,61,20,80,39
MonkeyPox (1).jpeg,0.28481727838516235,212,7,237,35
MonkeyPox (1).jpeg,0.2786276340484619,222,170,254,201
MonkeyPox (10).png,0.4499230682849884,73,122,97,148
MonkeyPox (10).png,0.4375998377799988,53,102,67,117
MonkeyPox (10).png,0.43410515785217285,32,133,51,156
MonkeyPox (10).png,0.34878185391426086,88,158,106,186
MonkeyPox (10).png,0.3399691879749298,97,74,106,85
MonkeyPox (10).png,0.33606088161468506,103,73,121,97
MonkeyPox (10).png,0.2898365557193756,56,160,76,189
MonkeyPox (10).png,0.27166277170181274,74,123,94,145
MonkeyPox (10).png,0.258339524269104,75,91,85,101
MonkeyPox (10).png,0.2502039670944214,108,74,121,96
MonkeyPox (11).jpg,0.4549836814403534,177,58,209,78
MonkeyPox (11).jpg,0.44228658080101013,115,42,147,66
MonkeyPox (11).jpg,0.4016540050506592,187,103,202,121
MonkeyPox (11).jpg,0.36336109042167664,134,74,181,107
MonkeyPox (11).jpg,0.28307202458381653,114,36,150,68
MonkeyPox (11).jpg,0.2760818302631378,172,22,189,40
MonkeyPox (12).png,0.43123719096183777,140,84,155,101
MonkeyPox (12).png,0.28081005811691284,108,205,127,223
MonkeyPox (12).png,0.27912381291389465,69,152,88,181
MonkeyPox (12).png,0.264293909072876,145,168,161,189
MonkeyPox (12).png,0.26061496138572693,109,149,119,163
MonkeyPox (13).jpg,0.6137344241142273,87,56,228,208
MonkeyPox (13).jpg,0.5579277873039246,74,74,88,86
MonkeyPox (13).jpg,0.43193989992141724,70,94,80,104
MonkeyPox (13).jpg,0.3913828730583191,47,145,58,155
MonkeyPox (13).jpg,0.39080554246902466,56,161,70,175
MonkeyPox (13).jpg,0.35483038425445557,67,121,76,130
MonkeyPox (13).jpg,0.31427237391471863,87,154,98,166
MonkeyPox (13).jpg,0.29769131541252136,75,75,86,86
MonkeyPox (13).jpg,0.2696221172809601,178,53,186,62
MonkeyPox (14).png,0.4348626434803009,125,62,142,79
MonkeyPox (15).jpg,0.42850345373153687,141,93,156,107
MonkeyPox (15).jpg,0.35056981444358826,116,146,131,159
MonkeyPox (15).jpg,0.340560644865036,185,119,193,127
MonkeyPox (15).jpg,0.33460262417793274,139,93,157,110
MonkeyPox (15).jpg,0.32834115624427795,140,61,148,69
MonkeyPox (15).jpg,0.31458580493927,83,19,97,34
MonkeyPox (15).jpg,0.3078851103782654,120,147,131,157
MonkeyPox (15).jpg,0.3069550096988678,62,166,73,176
MonkeyPox (15).jpg,0.28502506017684937,115,127,124,136
MonkeyPox (15).jpg,0.28394362330436707,142,30,153,41
MonkeyPox (15).jpg,0.2744908332824707,175,90,184,99
MonkeyPox (15).jpg,0.2569970488548279,86,130,101,144
MonkeyPox (16).png,0.39234212040901184,62,119,79,138
MonkeyPox (16).png,0.33805835247039795,57,119,79,141
MonkeyPox (16).png,0.2807586193084717,180,35,202,56
MonkeyPox (16).png,0.25568005442619324,133,59,151,79
MonkeyPox (16).png,0.2532597780227661,40,145,67,165
MonkeyPox (17).jpg,0.4343014061450958,172,16,180,24
MonkeyPox (17).jpg,0.4104723632335663,190,2,196,8
MonkeyPox (17).jpg,0.3964121341705322,87,46,96,54
MonkeyPox (17).jpg,0.3887169659137726,191,20,197,27
MonkeyPox (17).jpg,0.37441760301589966,110,129,120,138
MonkeyPox (17).jpg,0.3687248229980469,119,42,125,48
MonkeyPox (17).jpg,0.3161318898200989,170,158,182,167
MonkeyPox (17).jpg,0.311820924282074,127,110,134,116
MonkeyPox (17).jpg,0.3116421699523926,169,115,175,121
MonkeyPox (17).jpg,0.3057382106781006,171,15,184,26
MonkeyPox (17).jpg,0.2951901853084564,201,61,207,67
MonkeyPox (17).jpg,0.29318293929100037,132,57,138,63
MonkeyPox (17).jpg,0.2855437695980072,156,115,165,122
MonkeyPox (17).jpg,0.28254666924476624,153,129,160,136
MonkeyPox (17).jpg,0.27741366624832153,165,22,171,29
MonkeyPox (17).jpg,0.2659442126750946,162,70,169,75
MonkeyPox (17).jpg,0.26156085729599,29,22,38,31
MonkeyPox (17).jpg,0.2549731731414795,90,8,98,15
MonkeyPox (17).jpg,0.2539949119091034,101,110,108,117
MonkeyPox (17).jpg,0.2510359287261963,183,118,191,125
MonkeyPox (17).jpg,0.2505106031894684,87,45,97,55
MonkeyPox (19).jpg,0.41159963607788086,244,103,275,136
MonkeyPox (19).jpg,0.3565734922885895,247,106,270,133
MonkeyPox (19).jpg,0.2649748921394348,178,95,195,112
MonkeyPox (20).png,0.7112113833427429,104,67,142,103
MonkeyPox (20).png,0.657261848449707,14,41,47,75
MonkeyPox (20).png,0.5736117362976074,54,174,84,205
MonkeyPox (20).png,0.46678903698921204,63,65,93,98
MonkeyPox (20).png,0.37180688977241516,180,66,212,102
MonkeyPox (20).png,0.34296882152557373,205,124,223,146
MonkeyPox (21).jpg,0.6589475870132446,33,112,58,137
MonkeyPox (21).jpg,0.5080376267433167,238,111,269,135
MonkeyPox (21).jpg,0.4957990050315857,144,109,166,128
MonkeyPox (21).jpg,0.4854857921600342,32,110,62,140
MonkeyPox (21).jpg,0.4756111204624176,229,28,249,45
MonkeyPox (21).jpg,0.45862385630607605,237,108,272,140
MonkeyPox (21).jpg,0.31666889786720276,216,4,222,10
MonkeyPox (21).jpg,0.290680855512619,135,28,158,52
MonkeyPox (21).jpg,0.2816604673862457,142,107,168,132
MonkeyPox (21).jpg,0.26165181398391724,37,30,64,55
MonkeyPox (21).jpg,0.2597467005252838,43,33,62,52
MonkeyPox (22).png,0.569148063659668,69,108,142,172
MonkeyPox (22).png,0.3316124677658081,100,116,142,166
MonkeyPox (23).jpg,0.4530315697193146,235,106,253,120
MonkeyPox (23).jpg,0.4320499300956726,226,83,246,99
MonkeyPox (23).jpg,0.3762337863445282,120,88,138,104
MonkeyPox (23).jpg,0.3518657088279724,96,69,110,82
MonkeyPox (23).jpg,0.3493228852748871,40,20,54,32
MonkeyPox (23).jpg,0.30876195430755615,187,70,200,82
MonkeyPox (23).jpg,0.2925923764705658,58,34,72,49
MonkeyPox (23).jpg,0.2616610825061798,122,89,137,102
MonkeyPox (24).png,0.347870409488678,23,195,50,223
MonkeyPox (24).png,0.3397394120693207,147,141,161,157
MonkeyPox (24).png,0.3353116512298584,59,66,78,90
MonkeyPox (24).png,0.29816505312919617,149,167,169,192
MonkeyPox (24).png,0.293302983045578,164,104,186,128
MonkeyPox (24).png,0.29294997453689575,145,139,163,159
MonkeyPox (24).png,0.2652111053466797,148,167,174,195
MonkeyPox (25).jpg,0.4107317328453064,131,98,146,114
MonkeyPox (25).jpg,0.40945160388946533,102,154,119,170
MonkeyPox (25).jpg,0.3640979826450348,32,196,47,211
MonkeyPox (25).jpg,0.36005717515945435,174,128,191,143
MonkeyPox (25).jpg,0.35941216349601746,116,206,128,219
MonkeyPox (25).jpg,0.34777653217315674,31,195,47,213
MonkeyPox (25).jpg,0.3457734286785126,43,91,58,105
MonkeyPox (25).jpg,0.33710208535194397,54,137,72,154
MonkeyPox (25).jpg,0.33298856019973755,81,56,95,71
MonkeyPox (25).jpg,0.2511439919471741,52,135,75,155
MonkeyPox (26).png,0.45594027638435364,46,95,60,110
MonkeyPox (26).png,0.43722498416900635,100,205,109,215
MonkeyPox (26).png,0.4299491047859192,99,123,111,135
MonkeyPox (26).png,0.4243309497833252,58,2,70,16
MonkeyPox (26).png,0.3685559630393982,98,123,112,137
MonkeyPox (26).png,0.33849218487739563,123,90,134,101
MonkeyPox (26).png,0.33345869183540344,115,48,132,62
MonkeyPox (26).png,0.315411239862442,136,210,148,221
MonkeyPox (26).png,0.3102211654186249,59,61,68,70
MonkeyPox (26).png,0.3097148835659027,127,181,136,189
MonkeyPox (26).png,0.2628001570701599,190,209,201,220
MonkeyPox (26).png,0.2604855000972748,46,94,63,114
MonkeyPox (27).jpg,0.5389859676361084,210,117,227,132
MonkeyPox (27).jpg,0.3361837565898895,16,123,31,137
MonkeyPox (27).jpg,0.32553884387016296,255,141,269,156
MonkeyPox (27).jpg,0.3050904870033264,235,124,254,142
MonkeyPox (28).png,0.2826615571975708,1,0,34,41
MonkeyPox (28).png,0.2518607974052429,157,79,191,119
MonkeyPox (3).png,0.4905736446380615,821,324,854,365
MonkeyPox (3).png,0.4687640070915222,202,526,240,562
MonkeyPox (3).png,0.4359303116798401,197,389,224,416
MonkeyPox (3).png,0.4098176062107086,237,399,277,438
MonkeyPox (3).png,0.3945874273777008,233,489,269,526
MonkeyPox (3).png,0.3431800901889801,846,452,890,511
MonkeyPox (3).png,0.3411290645599365,213,270,249,305
MonkeyPox (3).png,0.3410467505455017,236,397,292,438
MonkeyPox (3).png,0.32643261551856995,170,321,192,343
MonkeyPox (3).png,0.322810560464859,848,651,879,681
MonkeyPox (3).png,0.3102695643901825,114,620,166,662
MonkeyPox (3).png,0.30714577436447144,781,545,814,575
MonkeyPox (3).png,0.3017348051071167,250,401,292,434
MonkeyPox (3).png,0.2759428024291992,565,582,613,634
MonkeyPox (30).png,0.681224524974823,121,137,138,156
MonkeyPox (30).png,0.6180042624473572,58,21,75,39
MonkeyPox (30).png,0.5927894115447998,80,90,97,116
MonkeyPox (30).png,0.4956435263156891,32,164,46,183
MonkeyPox (30).png,0.4762399196624756,141,140,155,156
MonkeyPox (30).png,0.4551613926887512,48,159,62,175
MonkeyPox (30).png,0.4481896460056305,68,52,81,65
MonkeyPox (30).png,0.44676730036735535,71,139,92,168
MonkeyPox (30).png,0.4283131957054138,121,84,144,108
MonkeyPox (30).png,0.42583781480789185,112,9,141,36
MonkeyPox (30).png,0.4061943292617798,58,138,72,153
MonkeyPox (30).png,0.4019511044025421,95,154,109,172
MonkeyPox (30).png,0.3924444317817688,94,71,114,87
MonkeyPox (30).png,0.371500164270401,169,155,184,174
MonkeyPox (30).png,0.36970582604408264,156,128,178,151
MonkeyPox (30).png,0.3220747113227844,27,190,41,216
MonkeyPox (30).png,0.3049596846103668,112,9,146,55
MonkeyPox (30).png,0.3049093186855316,74,140,95,170
MonkeyPox (30).png,0.30084818601608276,86,52,99,65
MonkeyPox (30).png,0.2987138032913208,145,158,159,173
MonkeyPox (30).png,0.2768653929233551,13,37,32,63
MonkeyPox (30).png,0.2587723433971405,58,18,80,42
MonkeyPox (31).jpg,0.4041873514652252,59,36,69,48
MonkeyPox (31).jpg,0.38580524921417236,179,64,189,73
MonkeyPox (31).jpg,0.38161543011665344,119,40,129,48
MonkeyPox (31).jpg,0.3745153844356537,168,71,178,80
MonkeyPox (31).jpg,0.34915757179260254,87,46,97,55
MonkeyPox (31).jpg,0.319003164768219,30,52,39,61
MonkeyPox (31).jpg,0.31340521574020386,105,44,114,53
MonkeyPox (31).jpg,0.30644357204437256,89,72,100,85
MonkeyPox (31).jpg,0.286477655172348,123,77,135,89
MonkeyPox (31).jpg,0.2863736152648926,34,77,43,86
MonkeyPox (31).jpg,0.28233641386032104,179,63,193,73
MonkeyPox (31).jpg,0.2811860144138336,78,110,88,119
MonkeyPox (31).jpg,0.27247384190559387,61,89,77,102
MonkeyPox (31).jpg,0.2712266445159912,195,74,204,82
MonkeyPox (31).jpg,0.2688751816749573,185,78,193,86
MonkeyPox (31).jpg,0.26628613471984863,84,70,100,84
MonkeyPox (31).jpg,0.2602437734603882,201,76,213,88
MonkeyPox (31).jpg,0.2557315528392792,55,77,64,86
MonkeyPox (32).png,0.6780346632003784,53,160,90,193
MonkeyPox (32).png,0.5156617760658264,99,123,122,157
MonkeyPox (32).png,0.5154696702957153,87,77,108,105
MonkeyPox (32).png,0.4718154966831207,88,197,132,224
MonkeyPox (32).png,0.45427900552749634,148,138,182,177
MonkeyPox (32).png,0.4420183002948761,106,158,140,194
MonkeyPox (32).png,0.35347193479537964,109,78,129,106
MonkeyPox (33).jpg,0.4367639422416687,214,56,226,67
MonkeyPox (33).jpg,0.4246986210346222,0,112,12,125
MonkeyPox (33).jpg,0.33796653151512146,244,71,255,81
MonkeyPox (33).jpg,0.33445602655410767,171,106,185,120
MonkeyPox (33).jpg,0.2892664074897766,157,90,172,105
MonkeyPox (33).jpg,0.2891053557395935,77,130,91,144
MonkeyPox (33).jpg,0.28100699186325073,0,56,7,67
MonkeyPox (33).jpg,0.2778014540672302,206,85,216,94
MonkeyPox (33).jpg,0.27470842003822327,16,106,29,119
MonkeyPox (33).jpg,0.2573779821395874,42,57,57,71
MonkeyPox (33).jpg,0.2567214369773865,77,131,89,142
MonkeyPox (34).png,0.5236819982528687,85,126,118,160
MonkeyPox (34).png,0.3229866623878479,164,126,186,153
MonkeyPox (34).png,0.2590090036392212,117,102,140,133
MonkeyPox (35).jpg,0.494780570268631,209,115,221,126
MonkeyPox (35).jpg,0.49342581629753113,149,80,161,92
MonkeyPox (35).jpg,0.4889730215072632,115,52,125,62
MonkeyPox (35).jpg,0.4691528081893921,198,158,210,170
MonkeyPox (35).jpg,0.4490165412425995,131,119,142,129
MonkeyPox (35).jpg,0.4305672347545624,236,144,249,156
MonkeyPox (35).jpg,0.41702285408973694,82,146,93,157
MonkeyPox (35).jpg,0.4169551730155945,137,59,147,69
MonkeyPox (35).jpg,0.4129197299480438,98,108,109,118
MonkeyPox (35).jpg,0.39890703558921814,89,75,100,86
MonkeyPox (35).jpg,0.3967640995979309,191,125,200,134
MonkeyPox (35).jpg,0.3589998781681061,136,153,149,166
MonkeyPox (35).jpg,0.3235339820384979,178,101,192,111
MonkeyPox (35).jpg,0.30114108324050903,96,169,107,180
MonkeyPox (35).jpg,0.2998706102371216,191,126,201,135
MonkeyPox (35).jpg,0.28878456354141235,81,146,94,159
MonkeyPox (36).png,0.6379948258399963,108,178,129,203
MonkeyPox (36).png,0.5961201786994934,31,133,51,155
MonkeyPox (36).png,0.5736739635467529,72,38,92,56
MonkeyPox (36).png,0.4907819926738739,71,36,97,59
MonkeyPox (36).png,0.3740277588367462,31,132,56,158
MonkeyPox (39).jpg,0.5508815050125122,157,106,170,119
MonkeyPox (39).jpg,0.5363050103187561,129,93,140,104
MonkeyPox (39).jpg,0.4632697105407715,154,156,162,164
MonkeyPox (39).jpg,0.44163748621940613,140,142,151,153
MonkeyPox (39).jpg,0.38950806856155396,165,49,173,57
MonkeyPox (39).jpg,0.3604084551334381,102,130,112,139
MonkeyPox (39).jpg,0.35020601749420166,110,94,120,104
MonkeyPox (39).jpg,0.34372326731681824,160,126,166,133
MonkeyPox (39).jpg,0.28788092732429504,100,129,112,139
MonkeyPox (39).jpg,0.2823353707790375,202,114,210,119
MonkeyPox (39).jpg,0.26212963461875916,204,106,212,113
MonkeyPox (39).jpg,0.2617834806442261,107,56,115,64
MonkeyPox (39).jpg,0.25823351740837097,188,123,194,128
MonkeyPox (39).jpg,0.2523035705089569,98,150,107,159
MonkeyPox (41).jpg,0.43620651960372925,152,0,297,40
MonkeyPox (41).jpg,0.43270188570022583,148,0,298,166
MonkeyPox (41).jpg,0.37953120470046997,141,50,289,164
MonkeyPox (41).jpg,0.29932737350463867,18,20,123,141
MonkeyPox (41).jpg,0.2894126772880554,44,42,282,167
MonkeyPox (46).png,0.33921945095062256,107,25,125,41
MonkeyPox (46).png,0.2982182502746582,107,2,159,119
MonkeyPox (46).png,0.28398966789245605,43,37,98,101
MonkeyPox (46).png,0.26481473445892334,108,52,157,119
MonkeyPox (47).jpg,0.5047012567520142,49,76,128,156
MonkeyPox (48).png,0.39026200771331787,135,182,153,204
MonkeyPox (48).png,0.3857373297214508,165,0,216,53
MonkeyPox (48).png,0.31078019738197327,101,162,124,184
MonkeyPox (48).png,0.2975233197212219,146,210,164,224
MonkeyPox (48).png,0.28560149669647217,125,110,165,156
MonkeyPox (48).png,0.2665994465351105,29,12,43,30
MonkeyPox (48).png,0.2521182596683502,60,137,76,152
MonkeyPox (49).jpg,0.37734270095825195,56,73,173,174
MonkeyPox (49).jpg,0.3610101640224457,59,63,212,176
MonkeyPox (49).jpg,0.31944796442985535,95,66,213,170
MonkeyPox (52).png,0.7393004894256592,118,31,191,117
MonkeyPox (53).jpg,0.5319369435310364,157,7,167,16
MonkeyPox (53).jpg,0.5247451663017273,199,45,209,56
MonkeyPox (53).jpg,0.5155268311500549,111,55,122,65
MonkeyPox (53).jpg,0.4964282512664795,137,57,145,64
MonkeyPox (53).jpg,0.49311643838882446,136,133,145,142
MonkeyPox (53).jpg,0.4835716187953949,178,117,186,125
MonkeyPox (53).jpg,0.48252198100090027,183,53,192,61
MonkeyPox (53).jpg,0.46599483489990234,132,18,143,28
MonkeyPox (53).jpg,0.420606791973114,116,28,123,35
MonkeyPox (53).jpg,0.41260749101638794,103,121,113,131
MonkeyPox (53).jpg,0.41082891821861267,129,36,136,43
MonkeyPox (53).jpg,0.3832516074180603,191,9,201,18
MonkeyPox (53).jpg,0.3831804692745209,35,126,43,134
MonkeyPox (53).jpg,0.3827466666698456,217,22,225,30
MonkeyPox (53).jpg,0.36529770493507385,154,32,162,39
MonkeyPox (53).jpg,0.35651639103889465,205,141,216,151
MonkeyPox (53).jpg,0.3555748462677002,65,31,72,38
MonkeyPox (53).jpg,0.32942917943000793,235,47,246,58
MonkeyPox (53).jpg,0.32838529348373413,62,45,70,53
MonkeyPox (53).jpg,0.3277991712093353,58,64,65,71
MonkeyPox (53).jpg,0.31825801730155945,148,79,156,87
MonkeyPox (53).jpg,0.3066147565841675,181,52,192,62
MonkeyPox (53).jpg,0.2959950268268585,85,112,93,120
MonkeyPox (53).jpg,0.29034456610679626,195,76,203,84
MonkeyPox (53).jpg,0.28258171677589417,156,6,168,18
MonkeyPox (53).jpg,0.2616153657436371,131,99,142,110
MonkeyPox (53).jpg,0.2590712010860443,81,85,90,93
MonkeyPox (54).png,0.6361501812934875,114,135,151,170
MonkeyPox (54).png,0.4502752423286438,15,15,64,46
MonkeyPox (54).png,0.3256642818450928,90,25,113,47
MonkeyPox (54).png,0.2628692090511322,118,137,147,167
MonkeyPox (55).jpg,0.4949631690979004,95,152,109,168
MonkeyPox (55).jpg,0.44145601987838745,133,175,149,189
MonkeyPox (55).jpg,0.3972955644130707,109,158,133,178
MonkeyPox (56).png,0.7352574467658997,38,6,88,67
MonkeyPox (56).png,0.657444179058075,91,0,129,39
MonkeyPox (56).png,0.5976080894470215,0,68,34,127
MonkeyPox (56).png,0.58634352684021,130,92,177,153
MonkeyPox (56).png,0.5780219435691833,75,131,121,188
MonkeyPox (57).jpg,0.6384393572807312,106,66,163,117
MonkeyPox (58).png,0.3795349597930908,86,169,100,182
MonkeyPox (58).png,0.3363325893878937,93,135,107,152
MonkeyPox (58).png,0.308615118265152,59,107,75,121
MonkeyPox (58).png,0.2920616567134857,117,111,128,123
MonkeyPox (59).jpg,0.3814584016799927,12,59,25,72
MonkeyPox (59).jpg,0.35086777806282043,253,3,265,15
MonkeyPox (59).jpg,0.2890107333660126,286,28,295,37
MonkeyPox (59).jpg,0.28868788480758667,282,24,296,37
MonkeyPox (59).jpg,0.2873929738998413,67,112,88,131
MonkeyPox (59).jpg,0.2824525237083435,277,22,297,37
MonkeyPox (59).jpg,0.26807621121406555,71,113,87,128
MonkeyPox (59).jpg,0.2586451768875122,276,22,291,36
MonkeyPox (59).jpg,0.2511761784553528,109,29,128,47
MonkeyPox (60).png,0.7259063124656677,115,65,137,92
MonkeyPox (60).png,0.7031525373458862,80,139,124,193
MonkeyPox (60).png,0.6201329827308655,68,69,92,96
MonkeyPox (60).png,0.5625082850456238,123,188,167,223
MonkeyPox (60).png,0.48598000407218933,98,88,116,111
MonkeyPox (60).png,0.3383388817310333,140,146,174,187
MonkeyPox (60).png,0.32177644968032837,53,123,77,150
MonkeyPox (60).png,0.30792704224586487,191,181,210,216
MonkeyPox (60).png,0.30648255348205566,116,96,149,130
MonkeyPox (60).png,0.3058261573314667,141,65,176,111
MonkeyPox (60).png,0.2556833028793335,189,180,214,220
MonkeyPox (61).jpg,0.3815843462944031,1515,864,1691,1021
MonkeyPox (61).jpg,0.31352704763412476,1498,855,1703,1050
MonkeyPox (63).jpg,0.3096873462200165,339,1747,424,1825
MonkeyPox (64).png,0.7513171434402466,64,34,153,191
MonkeyPox (66).png,0.6180152893066406,107,10,152,56
MonkeyPox (66).png,0.35470515489578247,209,49,224,69
MonkeyPox (66).png,0.30901917815208435,208,75,223,95
MonkeyPox (66).png,0.283621609210968,165,8,198,72
MonkeyPox (67).jpg,0.6218357682228088,161,114,208,150
MonkeyPox (67).jpg,0.5872073173522949,138,65,187,108
MonkeyPox (67).jpg,0.5286263823509216,176,0,223,37
MonkeyPox (67).jpg,0.41379985213279724,24,11,48,36
MonkeyPox (68).png,0.6099591255187988,38,7,58,34
MonkeyPox (68).png,0.510693371295929,151,115,183,148
MonkeyPox (68).png,0.3424782156944275,9,5,24,23
MonkeyPox (68).png,0.314596563577652,143,87,158,103
MonkeyPox (68).png,0.31405389308929443,37,148,53,169
MonkeyPox (68).png,0.2564800977706909,197,128,224,159
MonkeyPox (69).jpg,0.6225023865699768,49,80,121,134
MonkeyPox (69).jpg,0.4058277904987335,66,84,120,130
MonkeyPox (7).jpg,0.4334268271923065,220,102,247,133
MonkeyPox (7).jpg,0.3850875198841095,219,100,252,135
MonkeyPox (7).jpg,0.33816614747047424,79,78,98,96
MonkeyPox (7).jpg,0.3077728748321533,76,77,100,99
MonkeyPox (7).jpg,0.26431867480278015,71,73,103,100
MonkeyPox (70).png,0.45118266344070435,105,18,123,34
MonkeyPox (70).png,0.36476197838783264,159,166,172,180
MonkeyPox (70).png,0.3635246157646179,141,18,155,30
MonkeyPox (70).png,0.3384953439235687,190,140,206,155
MonkeyPox (70).png,0.30031102895736694,68,12,80,23
MonkeyPox (70).png,0.291922003030777,109,109,124,121
MonkeyPox (70).png,0.28532224893569946,102,15,125,36
MonkeyPox (70).png,0.28218168020248413,69,67,86,83
MonkeyPox (71).jpg,0.6665841341018677,266,129,385,235
MonkeyPox (71).jpg,0.4094429314136505,118,270,296,423
MonkeyPox (71).jpg,0.3157484233379364,295,140,386,230
MonkeyPox (71).jpg,0.2722983956336975,424,147,597,249
MonkeyPox (71).jpg,0.26815593242645264,447,255,511,339
MonkeyPox (73).jpg,0.40649425983428955,51,1,85,38
MonkeyPox (73).jpg,0.30225419998168945,118,156,138,174
MonkeyPox (73).jpg,0.27273520827293396,48,111,69,139
MonkeyPox (74).png,0.7256001234054565,104,177,129,206
MonkeyPox (74).png,0.6762797832489014,60,18,86,41
MonkeyPox (74).png,0.6599193215370178,13,127,33,150
MonkeyPox (74).png,0.3806660771369934,11,125,36,154
MonkeyPox (74).png,0.32075926661491394,142,0,224,70
MonkeyPox (75).jpg,0.2582889199256897,115,58,171,109
MonkeyPox (77).jpg,0.5227318406105042,121,82,138,98
MonkeyPox (77).jpg,0.29751622676849365,231,61,249,80
MonkeyPox (77).jpg,0.2733076214790344,119,80,139,100
MonkeyPox (78).png,0.33161428570747375,82,74,142,171
MonkeyPox (8).png,0.6376441717147827,42,107,58,128
MonkeyPox (8).png,0.6292728781700134,166,28,183,51
MonkeyPox (8).png,0.6259203553199768,66,141,82,163
MonkeyPox (8).png,0.604793131351471,32,63,49,84
MonkeyPox (8).png,0.5659255981445312,9,84,32,106
MonkeyPox (8).png,0.5608596801757812,73,112,91,137
MonkeyPox (8).png,0.5271845459938049,148,74,166,94
MonkeyPox (8).png,0.5248172283172607,61,95,77,115
MonkeyPox (8).png,0.47140219807624817,53,199,69,218
MonkeyPox (8).png,0.3854106366634369,49,60,61,73
MonkeyPox (8).png,0.3694745898246765,50,141,63,156
MonkeyPox (8).png,0.346824049949646,19,178,32,190
MonkeyPox (8).png,0.30481958389282227,146,72,168,98
MonkeyPox (80).png,0.8061183094978333,40,60,125,152
MonkeyPox (81).jpg,0.37236839532852173,241,244,267,270
MonkeyPox (81).jpg,0.3254992961883545,308,303,336,326
MonkeyPox (81).jpg,0.2986447215080261,408,287,447,321
MonkeyPox (81).jpg,0.29011332988739014,279,269,310,300
MonkeyPox (83).jpg,0.5539184212684631,243,197,284,236
MonkeyPox (83).jpg,0.4876416027545929,394,58,435,100
MonkeyPox (83).jpg,0.38751405477523804,826,135,865,177
MonkeyPox (83).jpg,0.3296530842781067,376,174,410,209
MonkeyPox (9).jpg,0.368716299533844,127,75,142,89
MonkeyPox (9).jpg,0.29362398386001587,52,108,69,126
MonkeyPox (9).jpg,0.27181166410446167,121,95,134,107
MonkeyPox (9).jpg,0.2662423253059387,75,69,90,84
MonkeyPox (9).jpg,0.2656547725200653,49,106,71,128
Varicela (1).jpg,0.5127310752868652,430,52,465,86
Varicela (1).jpg,0.4582970142364502,389,184,455,282
Varicela (1).jpg,0.4541206359863281,328,60,355,86
Varicela (1).jpg,0.44642120599746704,453,112,482,141
Varicela (1).jpg,0.4017350971698761,281,103,306,130
Varicela (1).jpg,0.37330353260040283,86,35,114,63
Varicela (1).jpg,0.34419336915016174,225,84,252,113
Varicela (1).jpg,0.3217756152153015,467,196,523,279
Varicela (1).jpg,0.26415640115737915,279,102,309,133
Varicela (10).jpg,0.45642542839050293,348,175,420,252
Varicela (10).jpg,0.4450305104255676,250,432,311,495
Varicela (10).jpg,0.43968459963798523,364,585,422,644
Varicela (10).jpg,0.3919876515865326,169,244,211,287
Varicela (10).jpg,0.333195298910141,243,417,327,500
Varicela (10).jpg,0.3207169771194458,30,449,89,509
Varicela (10).jpg,0.3019729554653168,162,240,215,295
Varicela (10).jpg,0.2991228997707367,541,636,593,682
Varicela (10).jpg,0.2607156038284302,257,437,308,487
Varicela (10).jpg,0.25304314494132996,672,354,746,429
Varicela (12).jpg,0.36782151460647583,291,239,345,288
Varicela (12).jpg,0.3568150997161865,647,405,685,441
Varicela (12).jpg,0.35123345255851746,119,239,151,272
Varicela (12).jpg,0.34673091769218445,598,336,641,375
Varicela (12).jpg,0.32616183161735535,448,0,494,36
Varicela (12).jpg,0.31666693091392517,320,500,361,537
Varicela (12).jpg,0.28842732310295105,544,521,575,550
Varicela (12).jpg,0.28329262137413025,599,57,636,92
Varicela (12).jpg,0.2716139256954193,391,325,436,369
Varicela (12).jpg,0.2671993374824524,285,229,355,291
Varicela (12).jpg,0.25879552960395813,18,157,57,191
Varicela (12).jpg,0.2568005919456482,543,401,570,427
Varicela (12).jpg,0.25268736481666565,17,358,58,393
Varicela (13).png,0.3524450659751892,33,180,45,193
Varicela (13).png,0.33117425441741943,32,179,47,195
Varicela (13).png,0.31339916586875916,95,36,109,51
Varicela (13).png,0.28898248076438904,183,29,194,41
Varicela (13).png,0.27508780360221863,181,28,194,43
Varicela (13).png,0.2599629759788513,138,76,148,85
Varicela (13).png,0.25556761026382446,109,217,119,224
Varicela (13).png,0.254297137260437,124,150,137,162
Varicela (13).png,0.2528749108314514,38,96,51,108
Varicela (14).jpg,0.4189791679382324,311,266,349,301
Varicela (14).jpg,0.3876948356628418,573,386,602,414
Varicela (14).jpg,0.3636011779308319,569,387,597,412
Varicela (14).jpg,0.3602558672428131,283,0,306,21
Varicela (14).jpg,0.3541102111339569,534,336,562,363
Varicela (14).jpg,0.3242674767971039,533,134,559,161
Varicela (14).jpg,0.308724969625473,326,452,360,483
Varicela (14).jpg,0.2922425866127014,713,76,730,107
Varicela (14).jpg,0.28380557894706726,186,265,209,289
Varicela (14).jpg,0.2832830548286438,534,253,568,284
Varicela (14).jpg,0.2777237594127655,674,42,699,69
Varicela (14).jpg,0.2601272463798523,422,82,463,123
Varicela (14).jpg,0.2502264082431793,531,131,564,166
Varicela (15).png,0.3596171438694,71,67,87,82
Varicela (15).png,0.32718029618263245,144,126,156,138
Varicela (15).png,0.31611213088035583,130,194,142,205
Varicela (15).png,0.27899301052093506,109,112,120,124
Varicela (15).png,0.27313846349716187,147,26,161,40
Varicela (15).png,0.2698197066783905,82,9,91,19
Varicela (15).png,0.26725438237190247,142,126,157,141
Varicela (15).png,0.2625446617603302,130,193,144,207
Varicela (15).png,0.2562408149242401,88,210,98,221
Varicela (15).png,0.25009438395500183,68,64,89,84
Varicela (17).png,0.5408400893211365,118,88,142,121
Varicela (17).png,0.3400515615940094,169,181,189,204
Varicela (17).png,0.28683245182037354,117,83,147,121
Varicela (18).jpg,0.42938530445098877,116,19,141,43
Varicela (18).jpg,0.4222651422023773,299,149,320,168
Varicela (18).jpg,0.3523717224597931,281,642,393,772
Varicela (18).jpg,0.29880714416503906,343,131,375,158
Varicela (18).jpg,0.2762198746204376,289,648,381,709
Varicela (2).jpg,0.28917333483695984,132,431,154,453
Varicela (2).jpg,0.2707282602787018,314,346,337,369
Varicela (20).jpg,0.33226829767227173,251,142,511,346
Varicela (21).png,0.40070757269859314,181,177,188,184
Varicela (21).png,0.3680770993232727,190,141,197,147
Varicela (21).png,0.28791165351867676,190,141,198,148
Varicela (21).png,0.28511369228363037,192,197,200,204
Varicela (21).png,0.2738000452518463,155,7,162,14
Varicela (22).jpg,0.5545563697814941,346,98,375,125
Varicela (22).jpg,0.5013547539710999,63,257,92,285
Varicela (22).jpg,0.490767240524292,77,66,108,96
Varicela (22).jpg,0.470385879278183,242,28,268,53
Varicela (22).jpg,0.4643641412258148,107,173,132,195
Varicela (22).jpg,0.45842012763023376,225,168,253,195
Varicela (22).jpg,0.4584082067012787,273,183,291,201
Varicela (22).jpg,0.4523088037967682,268,253,292,277
Varicela (22).jpg,0.45070838928222656,404,204,425,224
Varicela (22).jpg,0.4229426085948944,141,1,158,16
Varicela (22).jpg,0.41964462399482727,47,177,67,196
Varicela (22).jpg,0.317731112241745,221,164,255,200
Varicela (22).jpg,0.31337296962738037,59,252,96,288
Varicela (22).jpg,0.28554391860961914,344,96,378,132
Varicela (22).jpg,0.25969043374061584,73,61,111,101
Varicela (22).jpg,0.25186872482299805,403,201,431,229
Varicela (23).png,0.4359581470489502,119,142,123,147
Varicela (23).png,0.41740715503692627,100,181,108,189
Varicela (23).png,0.33385875821113586,137,98,143,104
Varicela (23).png,0.3338257074356079,97,217,105,223
Varicela (23).png,0.30116206407546997,133,134,139,140
Varicela (23).png,0.2895694971084595,144,86,150,91
Varicela (23).png,0.27004653215408325,155,109,162,116
Varicela (23).png,0.26146945357322693,149,210,162,223
Varicela (23).png,0.2603303790092468,114,0,120,3
Varicela (23).png,0.25448888540267944,110,208,117,215
Varicela (24).jpg,0.3389756381511688,298,173,482,327
Varicela (25).png,0.4013758599758148,93,107,101,116
Varicela (25).png,0.3975273072719574,117,28,123,33
Varicela (25).png,0.37447389960289,111,35,115,39
Varicela (25).png,0.355537474155426,146,72,151,77
Varicela (25).png,0.319742888212204,61,91,66,96
Varicela (25).png,0.3180265426635742,117,98,124,105
Varicela (25).png,0.3157549500465393,93,71,99,77
Varicela (25).png,0.31205904483795166,155,65,161,70
Varicela (25).png,0.3048461079597473,134,81,140,87
Varicela (25).png,0.2978160083293915,99,32,104,36
Varicela (25).png,0.28220459818840027,177,85,184,92
Varicela (25).png,0.2663096785545349,125,52,130,58
Varicela (25).png,0.2627128064632416,154,64,161,71
Varicela (25).png,0.2619255483150482,119,70,125,75
Varicela (26).jpg,0.4602159261703491,262,93,479,296
Varicela (27).png,0.2832724153995514,148,100,160,110
Varicela (27).png,0.2728043794631958,127,78,137,89
Varicela (27).png,0.26030659675598145,147,99,161,113
Varicela (28).jpg,0.7007356882095337,320,177,462,328
Varicela (29).png,0.5591294765472412,206,14,219,27
Varicela (29).png,0.49751144647598267,139,36,149,49
Varicela (29).png,0.4798972010612488,88,146,99,156
Varicela (29).png,0.4750658869743347,114,142,123,151
Varicela (29).png,0.45752039551734924,160,43,178,64
Varicela (29).png,0.44740110635757446,94,165,103,173
Varicela (29).png,0.44122904539108276,172,194,185,208
Varicela (29).png,0.43503421545028687,124,85,133,94
Varicela (29).png,0.4305846393108368,96,113,106,123
Varicela (29).png,0.4210681915283203,147,80,158,93
Varicela (29).png,0.4066201448440552,66,60,73,68
Varicela (29).png,0.39637309312820435,96,51,106,62
Varicela (29).png,0.38178786635398865,106,177,119,186
Varicela (29).png,0.37689074873924255,82,158,89,165
Varicela (29).png,0.3767569363117218,207,86,215,99
Varicela (29).png,0.37518906593322754,82,140,90,147
Varicela (29).png,0.36562541127204895,202,152,209,160
Varicela (29).png,0.3653179109096527,125,123,137,136
Varicela (29).png,0.36496254801750183,86,208,96,216
Varicela (29).png,0.3628147542476654,201,208,211,221
Varicela (29).png,0.3618716597557068,205,0,216,11
Varicela (29).png,0.35350754857063293,110,38,117,46
Varicela (29).png,0.3380354046821594,155,29,163,37
Varicela (29).png,0.3325428068637848,64,84,74,94
Varicela (29).png,0.33214470744132996,53,141,63,150
Varicela (29).png,0.325711190700531,151,210,161,221
Varicela (29).png,0.3236425220966339,85,8,92,16
Varicela (29).png,0.3105817139148712,191,12,199,20
Varicela (29).png,0.30633559823036194,130,147,141,162
Varicela (29).png,0.3046886622905731,75,153,82,159
Varicela (29).png,0.3033831715583801,58,22,66,30
Varicela (29).png,0.30012577772140503,75,11,82,20
Varicela (29).png,0.2983992397785187,80,125,86,131
Varicela (29).png,0.2977261245250702,111,103,118,111
Varicela (29).png,0.2958022654056549,207,138,214,147
Varicela (29).png,0.29458311200141907,81,100,88,107
Varicela (29).png,0.29315465688705444,138,100,147,110
Varicela (29).png,0.2851828336715698,75,210,82,216
Varicela (29).png,0.2847515940666199,117,22,124,29
Varicela (29).png,0.28444117307662964,141,67,148,75
Varicela (29).png,0.2808399796485901,65,60,74,69
Varicela (29).png,0.2790200114250183,112,219,122,224
Varicela (29).png,0.2785630524158478,192,122,200,131
Varicela (29).png,0.2750729024410248,76,187,84,195
Varicela (29).png,0.2733261287212372,106,12,112,18
Varicela (29).png,0.2708418667316437,103,30,112,40
Varicela (29).png,0.26971593499183655,107,81,116,91
Varicela (29).png,0.26450836658477783,216,89,224,102
Varicela (29).png,0.26352429389953613,122,211,128,217
Varicela (29).png,0.25771647691726685,116,187,125,196
Varicela (29).png,0.2554444670677185,103,75,116,93
Varicela (29).png,0.2545103430747986,52,173,60,180
Varicela (29).png,0.2513367235660553,80,100,89,108
Varicela (29).png,0.25132375955581665,187,101,198,113
Varicela (3).png,0.31741371750831604,110,29,121,41
Varicela (31).png,0.33766159415245056,98,91,115,103
Varicela (31).png,0.31539884209632874,104,73,109,78
Varicela (31).png,0.26938149333000183,117,76,121,81
Varicela (32).jpg,0.3493504226207733,328,1,730,331
Varicela (32).jpg,0.2606125771999359,324,87,487,322
Varicela (33).png,0.5118827223777771,134,135,140,141
Varicela (33).png,0.48453885316848755,150,126,157,133
Varicela (33).png,0.4613676965236664,92,110,98,116
Varicela (33).png,0.41565459966659546,116,100,125,109
Varicela (33).png,0.41393619775772095,57,20,65,28
Varicela (33).png,0.39814454317092896,125,127,130,133
Varicela (33).png,0.3978295624256134,99,10,104,15
Varicela (33).png,0.38818296790122986,0,186,5,194
Varicela (33).png,0.3838321268558502,93,15,97,20
Varicela (33).png,0.37633728981018066,68,86,74,92
Varicela (33).png,0.3607681393623352,27,181,35,190
Varicela (33).png,0.36014747619628906,107,96,112,101
Varicela (33).png,0.3579525053501129,114,206,119,211
Varicela (33).png,0.34510982036590576,91,138,97,144
Varicela (33).png,0.34302255511283875,146,176,152,182
Varicela (33).png,0.34170788526535034,114,32,120,38
Varicela (33).png,0.32946375012397766,57,153,64,160
Varicela (33).png,0.3293180763721466,147,120,152,126
Varicela (33).png,0.32882559299468994,81,129,87,135
Varicela (33).png,0.31504371762275696,97,26,102,31
Varicela (33).png,0.3149675726890564,16,216,23,222
Varicela (33).png,0.303591787815094,38,142,46,150
Varicela (33).png,0.3035023510456085,140,164,146,170
Varicela (33).png,0.30320295691490173,83,4,89,10
Varicela (33).png,0.3000698983669281,142,137,146,142
Varicela (33).png,0.29984086751937866,39,142,45,149
Varicela (33).png,0.2935570180416107,13,184,19,190
Varicela (33).png,0.29353630542755127,20,137,27,144
Varicela (33).png,0.2918775975704193,83,48,89,54
Varicela (33).png,0.2909017503261566,197,97,204,103
Varicela (33).png,0.29051297903060913,188,202,196,210
Varicela (33).png,0.287853479385376,91,23,97,29
Varicela (33).png,0.2804543673992157,109,219,115,224
Varicela (33).png,0.2745506763458252,93,53,99,59
Varicela (33).png,0.27334490418434143,15,215,23,223
Varicela (33).png,0.2653801441192627,91,24,98,30
Varicela (33).png,0.2592136561870575,177,124,183,130
Varicela (33).png,0.254153847694397,56,108,63,115
Varicela (33).png,0.250202476978302,56,154,65,161
Varicela (34).jpg,0.29165664315223694,287,302,394,413
Varicela (34).jpg,0.2707996666431427,286,304,429,426
Varicela (34).jpg,0.2625937759876251,412,200,502,286
Varicela (35).png,0.40424177050590515,66,82,73,88
Varicela (35).png,0.3949916958808899,89,89,94,95
Varicela (35).png,0.3661447763442993,142,122,148,129
Varicela (35).png,0.3424372673034668,143,97,149,103
Varicela (35).png,0.32903918623924255,125,61,130,66
Varicela (35).png,0.3227525055408478,41,151,48,158
Varicela (35).png,0.3171160817146301,104,190,112,197
Varicela (35).png,0.3073318898677826,115,173,122,180
Varicela (35).png,0.30360034108161926,105,189,113,198
Varicela (35).png,0.29643577337265015,110,74,116,80
Varicela (35).png,0.29354074597358704,92,110,98,117
Varicela (35).png,0.291133314371109,141,158,147,164
Varicela (35).png,0.281945139169693,75,174,81,180
Varicela (35).png,0.2816845178604126,84,109,99,121
Varicela (35).png,0.2802237570285797,86,114,91,120
Varicela (35).png,0.2769923210144043,53,104,61,112
Varicela (35).png,0.273103266954422,121,121,129,129
Varicela (35).png,0.25674960017204285,122,121,129,128
Varicela (35).png,0.25440895557403564,51,160,56,166
Varicela (37).jpg,0.5094814300537109,547,193,618,269
Varicela (37).jpg,0.430909663438797,157,43,220,110
Varicela (37).jpg,0.364351749420166,540,184,623,278
Varicela (37).jpg,0.36055833101272583,151,34,231,117
Varicela (37).jpg,0.30015403032302856,92,454,124,483
Varicela (37).jpg,0.298850953578949,262,289,317,347
Varicela (38).png,0.39257490634918213,33,77,45,90
Varicela (38).png,0.3702240288257599,162,96,171,105
Varicela (38).png,0.27997416257858276,173,106,180,113
Varicela (38).png,0.2615799307823181,27,94,42,115
Varicela (38).png,0.2514549195766449,211,111,221,122
Varicela (39).png,0.5094385147094727,149,30,154,36
Varicela (39).png,0.5029303431510925,71,16,76,20
Varicela (39).png,0.41118696331977844,132,197,143,207
Varicela (39).png,0.40844064950942993,120,163,126,169
Varicela (39).png,0.4073842167854309,86,162,94,172
Varicela (39).png,0.4004100561141968,100,6,104,10
Varicela (39).png,0.39318665862083435,48,25,55,32
Varicela (39).png,0.3924022912979126,122,145,129,152
Varicela (39).png,0.3899267613887787,216,64,222,70
Varicela (39).png,0.3793766498565674,47,12,51,17
Varicela (39).png,0.37530314922332764,79,1,84,6
Varicela (39).png,0.3560446798801422,55,75,59,79
Varicela (39).png,0.3537774384021759,148,7,153,12
Varicela (39).png,0.343159556388855,129,31,134,36
Varicela (39).png,0.3357011675834656,131,144,138,151
Varicela (39).png,0.335043340921402,157,79,162,84
Varicela (39).png,0.33289578557014465,1,76,6,80
Varicela (39).png,0.3312905728816986,143,150,149,156
Varicela (39).png,0.32577863335609436,157,58,162,63
Varicela (39).png,0.32567936182022095,134,24,140,32
Varicela (39).png,0.3186281621456146,69,61,75,68
Varicela (39).png,0.31591781973838806,172,125,176,129
Varicela (39).png,0.3059862554073334,133,5,136,10
Varicela (39).png,0.2997150719165802,79,139,84,145
Varicela (39).png,0.2970004677772522,123,49,127,53
Varicela (39).png,0.29342254996299744,126,89,132,95
Varicela (39).png,0.2896626591682434,57,200,64,207
Varicela (39).png,0.2891157865524292,152,90,157,95
Varicela (39).png,0.28656649589538574,93,56,98,61
Varicela (39).png,0.28650298714637756,132,96,137,101
Varicela (39).png,0.2838122248649597,104,76,109,80
Varicela (39).png,0.28110307455062866,112,53,116,57
Varicela (39).png,0.27796071767807007,104,42,109,47
Varicela (39).png,0.2757008969783783,166,131,171,136
Varicela (39).png,0.27242231369018555,108,82,113,87
Varicela (39).png,0.2650165557861328,12,153,18,158
Varicela (39).png,0.2579842805862427,56,199,64,207
Varicela (39).png,0.25621622800827026,192,19,196,24
Varicela (39).png,0.25557374954223633,141,64,145,70
Varicela (39).png,0.2550312280654907,178,117,183,122
Varicela (39).png,0.25412315130233765,116,109,122,114
Varicela (39).png,0.2541066110134125,178,131,183,137
Varicela (4).jpg,0.46855977177619934,32,813,52,833
Varicela (4).jpg,0.44092246890068054,43,607,74,640
Varicela (4).jpg,0.4324418306350708,587,522,611,546
Varicela (4).jpg,0.4117564857006073,303,25,330,54
Varicela (4).jpg,0.4085768759250641,736,632,757,654
Varicela (4).jpg,0.38853099942207336,495,42,516,63
Varicela (4).jpg,0.3876243531703949,140,829,164,852
Varicela (4).jpg,0.3845635950565338,109,437,137,464
Varicela (4).jpg,0.3811231553554535,512,598,537,623
Varicela (4).jpg,0.38017112016677856,595,329,625,357
Varicela (4).jpg,0.3758943974971771,524,238,547,262
Varicela (4).jpg,0.36666586995124817,739,100,759,119
Varicela (4).jpg,0.3537398874759674,784,792,814,820
Varicela (4).jpg,0.3501260280609131,810,335,832,358
Varicela (4).jpg,0.3417864739894867,778,111,802,133
Varicela (4).jpg,0.33768752217292786,431,819,452,839
Varicela (4).jpg,0.33480674028396606,541,768,565,791
Varicela (4).jpg,0.3340384066104889,657,30,677,51
Varicela (4).jpg,0.3318118751049042,786,26,813,55
Varicela (4).jpg,0.3315933048725128,556,722,585,750
Varicela (4).jpg,0.32917365431785583,785,873,810,899
Varicela (4).jpg,0.3216123580932617,332,660,357,686
Varicela (4).jpg,0.31757545471191406,400,558,423,581
Varicela (4).jpg,0.3155013918876648,642,75,660,94
Varicela (4).jpg,0.31443193554878235,398,850,419,871
Varicela (4).jpg,0.3117186427116394,524,810,549,834
Varicela (4).jpg,0.308718204498291,135,684,160,710
Varicela (4).jpg,0.3018156588077545,783,365,807,387
Varicela (4).jpg,0.2933286726474762,520,200,541,221
Varicela (4).jpg,0.2930668294429779,749,522,768,542
Varicela (4).jpg,0.29020509123802185,155,298,174,319
Varicela (4).jpg,0.2872970402240753,477,881,504,906
Varicela (4).jpg,0.28342491388320923,11,707,35,733
Varicela (4).jpg,0.2826266288757324,610,390,633,413
Varicela (4).jpg,0.2799849510192871,247,850,270,872
Varicela (4).jpg,0.27671748399734497,264,178,294,206
Varicela (4).jpg,0.2734155058860779,867,449,893,473
Varicela (4).jpg,0.27292487025260925,643,498,665,519
Varicela (4).jpg,0.2711541950702667,817,942,836,964
Varicela (4).jpg,0.27086013555526733,813,519,835,541
Varicela (4).jpg,0.27040621638298035,45,315,64,335
Varicela (4).jpg,0.26785773038864136,91,507,114,531
Varicela (4).jpg,0.2600973844528198,337,978,361,1000
Varicela (4).jpg,0.259435772895813,832,24,859,53
Varicela (4).jpg,0.25782129168510437,219,507,241,533
Varicela (4).jpg,0.2561926245689392,179,313,210,341
Varicela (4).jpg,0.25546184182167053,61,925,80,946
Varicela (4).jpg,0.25522908568382263,381,311,403,334
Varicela (4).jpg,0.25427478551864624,436,115,454,133
Varicela (4).jpg,0.2523849308490753,398,254,419,276
Varicela (40).jpg,0.3066841959953308,260,176,457,401
Varicela (40).jpg,0.2913942039012909,339,199,415,274
Varicela (41).png,0.35772377252578735,104,104,114,113
Varicela (41).png,0.30695289373397827,88,149,96,158
Varicela (41).png,0.2855238616466522,131,143,139,149
Varicela (41).png,0.2559332847595215,104,103,115,115
Varicela (41).png,0.2558706998825073,41,93,49,101
Varicela (41).png,0.25386008620262146,142,32,151,41
Varicela (42).jpg,0.5094242095947266,357,144,495,296
Varicela (42).jpg,0.3516582250595093,346,136,518,315
Varicela (43).png,0.5738824605941772,28,118,56,143
Varicela (43).png,0.46616238355636597,48,0,70,12
Varicela (43).png,0.2783861756324768,97,104,108,115
Varicela (43).png,0.2740408778190613,95,0,109,12
Varicela (44).jpg,0.5959096550941467,235,426,252,443
Varicela (44).jpg,0.5834155082702637,296,294,406,384
Varicela (44).jpg,0.46396756172180176,448,111,483,138
Varicela (44).jpg,0.4287968575954437,143,687,160,703
Varicela (44).jpg,0.4072674810886383,325,458,341,474
Varicela (44).jpg,0.38414379954338074,313,14,338,38
Varicela (44).jpg,0.3469677269458771,257,613,280,634
Varicela (44).jpg,0.33382749557495117,424,445,439,462
Varicela (44).jpg,0.3298858404159546,249,645,267,662
Varicela (44).jpg,0.32107388973236084,399,722,418,740
Varicela (44).jpg,0.3119381070137024,377,499,394,515
Varicela (44).jpg,0.3025689423084259,507,118,524,135
Varicela (44).jpg,0.2799965739250183,442,639,457,654
Varicela (44).jpg,0.27656418085098267,343,634,363,654
Varicela (44).jpg,0.2764193117618561,194,635,217,660
Varicela (44).jpg,0.27572718262672424,262,404,276,418
Varicela (44).jpg,0.2747119069099426,174,405,192,424
Varicela (44).jpg,0.2746301591396332,321,679,336,692
Varicela (44).jpg,0.25956016778945923,450,443,467,460
Varicela (44).jpg,0.2562023103237152,486,574,503,591
Varicela (44).jpg,0.2525483965873718,352,558,374,578
Varicela (45).png,0.32359862327575684,125,129,138,147
Varicela (45).png,0.3048844635486603,74,51,82,60
Varicela (45).png,0.3019264340400696,83,123,98,139
Varicela (45).png,0.27954909205436707,81,123,99,142
Varicela (45).png,0.27357742190361023,45,26,55,34
Varicela (45).png,0.266281396150589,123,126,138,148
Varicela (46).jpg,0.4347103238105774,383,289,397,303
Varicela (46).jpg,0.4304186999797821,352,388,367,402
Varicela (46).jpg,0.4269333779811859,134,81,145,90
Varicela (46).jpg,0.3835223317146301,293,229,307,243
Varicela (46).jpg,0.3780260384082794,414,320,429,336
Varicela (46).jpg,0.3479054570198059,225,348,241,364
Varicela (46).jpg,0.3352855443954468,253,322,266,335
Varicela (46).jpg,0.32813355326652527,343,196,360,209
Varicela (46).jpg,0.2983745336532593,151,54,164,66
Varicela (46).jpg,0.295864462852478,152,83,175,106
Varicela (46).jpg,0.28479114174842834,290,341,302,354
Varicela (46).jpg,0.2733287811279297,290,228,309,245
Varicela (46).jpg,0.26072368025779724,303,306,321,324
Varicela (47).png,0.35167399048805237,98,74,105,81
Varicela (47).png,0.30788910388946533,139,83,146,91
Varicela (47).png,0.3077475428581238,173,123,182,133
Varicela (47).png,0.29606229066848755,154,202,165,212
Varicela (47).png,0.2951414883136749,104,203,111,210
Varicela (47).png,0.2902841567993164,89,33,94,38
Varicela (47).png,0.2865062952041626,128,148,135,154
Varicela (47).png,0.2771527171134949,139,116,146,123
Varicela (47).png,0.27679726481437683,200,144,206,150
Varicela (47).png,0.2721717655658722,91,65,97,71
Varicela (47).png,0.27056601643562317,62,104,69,110
Varicela (47).png,0.2643643617630005,41,120,52,130
Varicela (47).png,0.2547127604484558,81,53,87,60
Varicela (48).jpg,0.49924683570861816,487,664,531,704
Varicela (48).jpg,0.4982423782348633,252,85,278,112
Varicela (48).jpg,0.4687522351741791,455,466,487,497
Varicela (48).jpg,0.45785266160964966,388,0,468,79
Varicela (48).jpg,0.45717453956604004,544,249,577,281
Varicela (48).jpg,0.45097774267196655,484,153,512,182
Varicela (48).jpg,0.4168492555618286,435,342,460,368
Varicela (48).jpg,0.3870052397251129,47,266,84,300
Varicela (48).jpg,0.37825655937194824,526,63,561,98
Varicela (48).jpg,0.3774387538433075,261,656,292,686
Varicela (48).jpg,0.3736013174057007,361,582,389,608
Varicela (48).jpg,0.3585672676563263,678,444,703,468
Varicela (48).jpg,0.35357123613357544,54,477,84,500
Varicela (48).jpg,0.3396057188510895,350,172,369,194
Varicela (48).jpg,0.33498015999794006,51,334,84,366
Varicela (48).jpg,0.33462902903556824,321,24,340,42
Varicela (48).jpg,0.334500789642334,152,64,184,95
Varicela (48).jpg,0.3232306241989136,392,536,418,561
Varicela (48).jpg,0.3212796449661255,394,231,420,258
Varicela (48).jpg,0.31317782402038574,113,290,149,330
Varicela (48).jpg,0.31203606724739075,321,181,344,205
Varicela (48).jpg,0.3058335781097412,225,124,252,150
Varicela (48).jpg,0.30092504620552063,561,20,589,47
Varicela (48).jpg,0.30090469121932983,576,416,597,438
Varicela (48).jpg,0.30015262961387634,288,93,314,117
Varicela (48).jpg,0.28492748737335205,389,534,420,564
Varicela (48).jpg,0.27633702754974365,312,441,362,500
Varicela (48).jpg,0.2657957971096039,33,27,59,52
Varicela (49).png,0.42756909132003784,204,99,215,109
Varicela (49).png,0.4006558358669281,128,207,141,218
Varicela (49).png,0.38330236077308655,42,77,58,88
Varicela (49).png,0.3803010582923889,194,139,206,151
Varicela (49).png,0.3730025589466095,139,191,149,200
Varicela (49).png,0.367721289396286,149,209,160,219
Varicela (49).png,0.30604490637779236,75,191,84,200
Varicela (49).png,0.3059191107749939,121,114,146,145
Varicela (49).png,0.30201828479766846,44,166,52,174
Varicela (49).png,0.2955510914325714,127,116,144,132
Varicela (49).png,0.273849755525589,139,64,146,70
Varicela (49).png,0.2714400887489319,128,50,137,57
Varicela (49).png,0.2699348032474518,61,216,73,224
Varicela (49).png,0.269615113735199,185,80,194,87
Varicela (49).png,0.2676693797111511,156,124,164,132
Varicela (49).png,0.26435035467147827,28,199,38,207
Varicela (49).png,0.258466511964798,157,37,166,45
Varicela (49).png,0.2506590187549591,220,119,224,128
Varicela (5).png,0.30017879605293274,64,164,76,177
Varicela (50).jpg,0.4951382279396057,158,39,231,121
Varicela (50).jpg,0.4448651671409607,586,0,734,330
Varicela (50).jpg,0.37757670879364014,327,330,396,396
Varicela (50).jpg,0.2753060460090637,339,333,392,384
Varicela (51).png,0.3516947627067566,27,24,40,36
Varicela (51).png,0.32415395975112915,9,138,23,149
Varicela (51).png,0.26974305510520935,172,170,183,179
Varicela (51).png,0.25978657603263855,93,139,103,148
Varicela (52).jpg,0.6424253582954407,124,73,212,171
Varicela (53).png,0.4748527407646179,104,154,122,170
Varicela (53).png,0.4739270806312561,190,146,210,164
Varicela (53).png,0.3859372138977051,163,63,180,79
Varicela (53).png,0.35616278648376465,129,85,146,100
Varicela (53).png,0.31446337699890137,0,128,14,141
Varicela (53).png,0.2997284233570099,0,150,11,163
Varicela (53).png,0.2977968454360962,112,31,131,53
Varicela (53).png,0.2873099148273468,192,196,207,212
Varicela (53).png,0.2802834212779999,134,122,151,138
Varicela (53).png,0.26347091794013977,187,143,211,167
Varicela (54).png,0.33832985162734985,139,169,152,180
Varicela (54).png,0.2679175138473511,160,119,186,162
Varicela (54).png,0.26695531606674194,117,158,131,173
Varicela (55).jpg,0.48045483231544495,255,76,273,91
Varicela (55).jpg,0.40637752413749695,72,61,87,76
Varicela (55).jpg,0.3672829866409302,47,101,65,120
Varicela (55).jpg,0.3671664297580719,293,33,307,45
Varicela (55).jpg,0.33721452951431274,326,25,344,43
Varicela (55).jpg,0.3313690721988678,46,40,66,59
Varicela (55).jpg,0.31865832209587097,171,49,192,69
Varicela (55).jpg,0.30813416838645935,151,142,168,157
Varicela (55).jpg,0.29831045866012573,339,131,359,155
Varicela (55).jpg,0.296117901802063,252,74,273,93
Varicela (55).jpg,0.2833607494831085,322,22,346,44
Varicela (55).jpg,0.2690395414829254,45,99,68,122
Varicela (55).jpg,0.2688389718532562,275,247,289,260
Varicela (55).jpg,0.2589258849620819,189,6,208,27
Varicela (55).jpg,0.25390157103538513,148,7,164,23
Varicela (55).jpg,0.2518221139907837,190,7,207,24
Varicela (55).jpg,0.25113236904144287,272,246,289,263
Varicela (56).png,0.39472058415412903,162,131,179,147
Varicela (56).png,0.37197718024253845,153,152,166,164
Varicela (56).png,0.35947275161743164,142,122,158,139
Varicela (56).png,0.3469456136226654,260,2,271,11
Varicela (56).png,0.3313634693622589,253,76,270,90
Varicela (56).png,0.31359177827835083,76,222,91,236
Varicela (56).png,0.3020855784416199,179,261,203,279
Varicela (56).png,0.2917412519454956,347,119,368,137
Varicela (56).png,0.2850516140460968,115,129,133,148
Varicela (56).png,0.28221163153648376,187,139,205,158
Varicela (56).png,0.28160491585731506,74,221,92,238
Varicela (56).png,0.2752954959869385,264,41,285,57
Varicela (56).png,0.27480199933052063,376,166,388,177
Varicela (56).png,0.27397817373275757,222,219,239,234
Varicela (56).png,0.26072320342063904,181,94,192,104
Varicela (56).png,0.2596364915370941,199,173,216,189
Varicela (57).jpg,0.4887002408504486,232,63,248,79
Varicela (57).jpg,0.40855908393859863,289,3,304,17
Varicela (57).jpg,0.3886842429637909,258,14,271,27
Varicela (57).jpg,0.35135018825531006,55,90,71,105
Varicela (57).jpg,0.31855612993240356,40,132,60,154
Varicela (57).jpg,0.3181573152542114,146,56,164,75
Varicela (57).jpg,0.30109903216362,229,62,249,81
Varicela (57).jpg,0.2991790771484375,284,316,300,331
Varicela (57).jpg,0.2896885573863983,284,219,300,235
Varicela (57).jpg,0.28395068645477295,26,76,45,97
Varicela (57).jpg,0.28367069363594055,357,61,366,83
Varicela (57).jpg,0.2817877531051636,156,13,172,29
Varicela (57).jpg,0.2803327739238739,147,148,165,164
Varicela (57).jpg,0.26129966974258423,239,109,255,125
Varicela (57).jpg,0.25087258219718933,0,231,8,252
Varicela (58).png,0.37465015053749084,31,172,50,194
Varicela (58).png,0.30155786871910095,55,23,63,32
Varicela (58).png,0.28329703211784363,29,103,39,114
Varicela (58).png,0.27295443415641785,0,5,5,16
Varicela (58).png,0.25639212131500244,29,170,53,196
Varicela (59).jpg,0.46551570296287537,26,225,49,248
Varicela (59).jpg,0.37172988057136536,135,195,159,222
Varicela (59).jpg,0.3530687987804413,67,130,86,148
Varicela (59).jpg,0.33300143480300903,99,81,123,105
Varicela (59).jpg,0.3259785771369934,144,228,164,249
Varicela (59).jpg,0.31654998660087585,283,107,314,131
Varicela (59).jpg,0.31198030710220337,222,255,240,273
Varicela (59).jpg,0.30732256174087524,282,168,299,186
Varicela (59).jpg,0.3072565495967865,220,61,239,80
Varicela (59).jpg,0.29900211095809937,112,27,142,52
Varicela (59).jpg,0.2845345139503479,88,263,113,297
Varicela (59).jpg,0.283810019493103,246,95,262,111
Varicela (59).jpg,0.26636114716529846,242,128,260,145
Varicela (59).jpg,0.26256263256073,64,130,85,155
Varicela (59).jpg,0.256512314081192,69,190,91,210
Varicela (60).png,0.3800102174282074,120,162,130,172
Varicela (60).png,0.35343605279922485,84,184,95,196
Varicela (60).png,0.31652653217315674,95,3,105,12
Varicela (60).png,0.29217448830604553,70,14,77,21
Varicela (60).png,0.28942593932151794,124,98,132,106
Varicela (60).png,0.25980597734451294,118,183,127,192
Varicela (61).jpg,0.6558794975280762,230,527,285,573
Varicela (61).jpg,0.644084632396698,184,570,219,601
Varicela (61).jpg,0.6181398034095764,473,231,522,277
Varicela (61).jpg,0.6000937223434448,426,330,470,367
Varicela (61).jpg,0.5814653635025024,65,2,135,72
Varicela (61).jpg,0.5745924115180969,220,386,272,429
Varicela (61).jpg,0.5670146942138672,663,342,704,380
Varicela (61).jpg,0.5639662146568298,462,392,507,449
Varicela (61).jpg,0.5627380013465881,248,188,284,224
Varicela (61).jpg,0.5588186383247375,503,117,541,156
Varicela (61).jpg,0.551601767539978,538,478,579,513
Varicela (61).jpg,0.5449951887130737,548,81,584,118
Varicela (61).jpg,0.5328291654586792,184,0,234,37
Varicela (61).jpg,0.5227733254432678,469,229,527,287
Varicela (61).jpg,0.5149181485176086,119,374,164,420
Varicela (61).jpg,0.49372169375419617,573,342,611,378
Varicela (61).jpg,0.4907796382904053,327,108,403,158
Varicela (61).jpg,0.4587928056716919,166,178,198,212
Varicela (61).jpg,0.4547319710254669,34,414,83,455
Varicela (61).jpg,0.4475131034851074,338,22,366,50
Varicela (61).jpg,0.441834956407547,31,177,75,222
Varicela (61).jpg,0.43087345361709595,328,98,400,168
Varicela (61).jpg,0.4083317816257477,572,550,604,578
Varicela (61).jpg,0.3946755528450012,296,385,348,436
Varicela (61).jpg,0.3928481638431549,544,409,583,442
Varicela (61).jpg,0.3837360441684723,716,530,734,566
Varicela (61).jpg,0.37885400652885437,451,164,483,198
Varicela (61).jpg,0.3341369330883026,189,536,212,557
Varicela (61).jpg,0.323727011680603,451,0,491,23
Varicela (61).jpg,0.32233405113220215,411,487,453,534
Varicela (61).jpg,0.31725621223449707,115,366,169,425
Varicela (61).jpg,0.2962687313556671,0,342,37,410
Varicela (61).jpg,0.28768330812454224,659,339,706,388
Varicela (61).jpg,0.2875813841819763,332,21,367,54
Varicela (61).jpg,0.28683963418006897,508,122,537,154
Varicela (61).jpg,0.2735300362110138,127,197,154,226
Varicela (61).jpg,0.2537725269794464,125,110,153,138
Varicela (62).jpg,0.6787652373313904,354,303,379,327
Varicela (62).jpg,0.676286518573761,260,404,306,439
Varicela (62).jpg,0.675235390663147,263,117,290,141
Varicela (62).jpg,0.6597107648849487,330,175,373,211
Varicela (62).jpg,0.6513079404830933,167,51,185,68
Varicela (62).jpg,0.6200107932090759,507,72,530,93
Varicela (62).jpg,0.6171337962150574,687,246,717,274
Varicela (62).jpg,0.6116264462471008,186,158,224,189
Varicela (62).jpg,0.601082980632782,355,346,381,371
Varicela (62).jpg,0.5934020280838013,354,103,383,130
Varicela (62).jpg,0.5929127335548401,344,49,366,71
Varicela (62).jpg,0.5849336385726929,682,102,707,125
Varicela (62).jpg,0.5634135603904724,411,224,434,246
Varicela (62).jpg,0.5478123426437378,465,315,490,337
Varicela (62).jpg,0.5472346544265747,8,37,33,58
Varicela (62).jpg,0.5398566126823425,82,261,116,288
Varicela (62).jpg,0.5391781330108643,672,304,696,324
Varicela (62).jpg,0.5299645662307739,356,220,386,246
Varicela (62).jpg,0.523777186870575,294,71,315,92
Varicela (62).jpg,0.5032223463058472,196,448,232,474
Varicela (62).jpg,0.4919501543045044,80,0,102,20
Varicela (62).jpg,0.48378822207450867,637,12,659,31
Varicela (62).jpg,0.4832614064216614,408,26,429,44
Varicela (62).jpg,0.4759124517440796,273,167,298,191
Varicela (62).jpg,0.4699952006340027,692,444,713,462
Varicela (62).jpg,0.46580445766448975,138,404,167,430
Varicela (62).jpg,0.4550863802433014,288,343,311,364
Varicela (62).jpg,0.44179606437683105,684,0,701,12
Varicela (62).jpg,0.4372504651546478,110,374,146,402
Varicela (62).jpg,0.42832010984420776,551,406,572,427
Varicela (62).jpg,0.4274815320968628,509,352,529,371
Varicela (62).jpg,0.42725905776023865,173,23,193,41
Varicela (62).jpg,0.4253292381763458,78,424,112,451
Varicela (62).jpg,0.41119828820228577,712,28,732,47
Varicela (62).jpg,0.40942978858947754,365,258,386,279
Varicela (62).jpg,0.40338021516799927,310,25,328,41
Varicela (62).jpg,0.40169766545295715,612,410,641,436
Varicela (62).jpg,0.39747190475463867,659,263,678,282
Varicela (62).jpg,0.38534224033355713,316,100,332,117
Varicela (62).jpg,0.37913501262664795,443,433,472,456
Varicela (62).jpg,0.3717365860939026,123,105,143,124
Varicela (62).jpg,0.36709290742874146,467,236,484,254
Varicela (62).jpg,0.3620193302631378,662,376,726,421
Varicela (62).jpg,0.35691478848457336,607,185,624,201
Varicela (62).jpg,0.3531687259674072,191,259,208,276
Varicela (62).jpg,0.34392616152763367,643,209,665,229
Varicela (62).jpg,0.34050506353378296,608,463,622,476
Varicela (62).jpg,0.33113527297973633,655,261,679,284
Varicela (62).jpg,0.331023246049881,645,154,660,171
Varicela (62).jpg,0.3230232298374176,582,243,603,261
Varicela (62).jpg,0.3206655979156494,190,309,216,334
Varicela (62).jpg,0.31619831919670105,4,383,24,400
Varicela (62).jpg,0.30720826983451843,714,187,734,209
Varicela (62).jpg,0.302628755569458,341,45,369,71
Varicela (62).jpg,0.30123257637023926,662,377,711,408
Varicela (62).jpg,0.2844034731388092,510,440,527,456
Varicela (62).jpg,0.2816302180290222,164,49,186,71
Varicela (62).jpg,0.28097033500671387,666,137,682,151
Varicela (62).jpg,0.2802278697490692,231,292,247,310
Varicela (62).jpg,0.2670363187789917,108,373,145,411
Varicela (62).jpg,0.2664760649204254,670,302,699,327
Varicela (62).jpg,0.2659241855144501,362,257,389,282
Varicela (62).jpg,0.26429274678230286,298,141,313,156
Varicela (62).jpg,0.26278987526893616,312,23,330,38
Varicela (62).jpg,0.26019105315208435,121,48,139,65
Varicela (62).jpg,0.2579827308654785,504,70,533,97
Varicela (63).jpg,0.48001787066459656,593,116,633,153
Varicela (63).jpg,0.4177618622779846,427,121,457,150
Varicela (63).jpg,0.40273624658584595,755,1045,784,1073
Varicela (63).jpg,0.3863219618797302,510,467,548,502
Varicela (63).jpg,0.3858928680419922,888,377,935,420
Varicela (63).jpg,0.3705253005027771,708,245,748,283
Varicela (63).jpg,0.3468243181705475,588,110,636,154
Varicela (63).jpg,0.3242432177066803,1032,728,1071,770
Varicela (63).jpg,0.3184729814529419,815,943,844,972
Varicela (63).jpg,0.3037131130695343,986,768,1018,801
Varicela (63).jpg,0.3004262149333954,823,705,862,743
Varicela (63).jpg,0.29102662205696106,834,198,867,231
Varicela (63).jpg,0.2852756977081299,767,22,800,53
Varicela (63).jpg,0.2586427628993988,709,939,741,971
Varicela (63).jpg,0.25427085161209106,476,176,508,204
Varicela (63).jpg,0.25106608867645264,923,25,952,54
Varicela (63).jpg,0.250324547290802,1025,720,1080,773
Varicela (64).jpg,0.49409544467926025,207,9,331,122
Varicela (64).jpg,0.4712457060813904,46,162,88,204
Varicela (64).jpg,0.4456292986869812,667,227,763,556
Varicela (64).jpg,0.41326144337654114,579,35,643,107
Varicela (64).jpg,0.4045359492301941,268,586,303,623
Varicela (64).jpg,0.3877166509628296,92,309,128,349
Varicela (64).jpg,0.37682685256004333,385,451,426,490
Varicela (64).jpg,0.3693527281284332,454,430,509,487
Varicela (64).jpg,0.36732175946235657,359,273,400,311
Varicela (64).jpg,0.36491990089416504,537,11,576,46
Varicela (64).jpg,0.32493460178375244,140,297,167,326
Varicela (64).jpg,0.3017469644546509,206,398,253,445
Varicela (64).jpg,0.30134066939353943,429,125,477,172
Varicela (64).jpg,0.29725995659828186,686,135,717,168
Varicela (64).jpg,0.28219589591026306,99,43,131,74
Varicela (64).jpg,0.27462470531463623,142,294,174,331
Varicela (64).jpg,0.26934605836868286,211,16,255,64
Varicela (64).jpg,0.268502414226532,130,209,157,237
Varicela (64).jpg,0.2653104066848755,448,423,519,490
Varicela (64).jpg,0.2642618715763092,486,55,524,96
Varicela (64).jpg,0.2565899193286896,112,556,187,630
Varicela (65).jpg,0.45326754450798035,213,0,337,114
Varicela (65).jpg,0.44081851840019226,39,144,78,184
Varicela (65).jpg,0.4272778332233429,454,441,507,494
Varicela (65).jpg,0.378805011510849,361,271,400,310
Varicela (65).jpg,0.3692675232887268,498,52,539,95
Varicela (65).jpg,0.3601904511451721,556,7,594,43
Varicela (65).jpg,0.3357611894607544,440,121,489,168
Varicela (65).jpg,0.33057186007499695,86,298,120,335
Varicela (65).jpg,0.31502074003219604,610,35,660,88
Varicela (65).jpg,0.30550000071525574,132,286,161,316
Varicela (65).jpg,0.30466416478157043,253,590,292,631
Varicela (65).jpg,0.28675606846809387,192,392,244,446
Varicela (65).jpg,0.2830718159675598,378,457,423,500
Varicela (65).jpg,0.2788647413253784,668,192,763,581
Varicela (65).jpg,0.27822357416152954,589,632,634,678
Varicela (65).jpg,0.26731422543525696,99,25,130,54
Varicela (65).jpg,0.26676103472709656,616,37,661,79
Varicela (65).jpg,0.2652554512023926,91,551,167,629
Varicela (65).jpg,0.2541358470916748,98,23,135,58
Varicela (65).jpg,0.2524815797805786,357,264,404,315
Varicela (66).jpg,0.5573151707649231,72,245,110,280
Varicela (66).jpg,0.5035425424575806,363,242,396,271
Varicela (66).jpg,0.4992402493953705,249,123,283,153
Varicela (66).jpg,0.48266953229904175,14,311,46,343
Varicela (66).jpg,0.4676705300807953,190,371,215,393
Varicela (66).jpg,0.46686220169067383,545,373,578,401
Varicela (66).jpg,0.4662938714027405,128,298,159,328
Varicela (66).jpg,0.43322059512138367,18,127,45,153
Varicela (66).jpg,0.406553715467453,509,27,533,49
Varicela (66).jpg,0.3908117115497589,345,82,404,153
Varicela (66).jpg,0.3725731372833252,468,218,489,237
Varicela (66).jpg,0.3507389426231384,575,87,589,119
Varicela (66).jpg,0.3406341075897217,350,88,395,153
Varicela (66).jpg,0.33448442816734314,8,378,48,406
Varicela (66).jpg,0.29696395993232727,350,387,379,406
Varicela (66).jpg,0.27203917503356934,67,242,113,285
Varicela (66).jpg,0.2621139585971832,16,126,49,159
Varicela (66).jpg,0.2591343820095062,125,297,163,334
Varicela (67).jpg,0.42682188749313354,95,1,106,10
Varicela (67).jpg,0.42424866557121277,202,32,217,46
Varicela (67).jpg,0.41136255860328674,130,129,145,143
Varicela (67).jpg,0.3666140139102936,162,107,173,116
Varicela (67).jpg,0.3634977638721466,151,196,163,207
Varicela (67).jpg,0.3619177043437958,197,247,208,257
Varicela (67).jpg,0.3291340470314026,171,163,181,171
Varicela (67).jpg,0.32723474502563477,193,179,204,190
Varicela (67).jpg,0.3231794536113739,168,213,176,221
Varicela (67).jpg,0.31833046674728394,88,45,96,53
Varicela (67).jpg,0.3117291033267975,120,5,127,12
Varicela (67).jpg,0.30768245458602905,113,181,122,189
Varicela (67).jpg,0.3031298816204071,149,71,157,79
Varicela (67).jpg,0.2964898347854614,96,214,108,226
Varicela (67).jpg,0.2907750904560089,63,250,71,258
Varicela (67).jpg,0.28923261165618896,140,85,152,98
Varicela (67).jpg,0.2871689796447754,139,10,149,20
Varicela (67).jpg,0.28506261110305786,99,215,109,227
Varicela (67).jpg,0.27983957529067993,93,1,107,12
Varicela (67).jpg,0.26932355761528015,58,0,67,7
Varicela (67).jpg,0.2687605023384094,119,94,128,102
Varicela (68).jpg,0.4405210614204407,487,202,502,217
Varicela (68).jpg,0.41099655628204346,476,228,490,242
Varicela (68).jpg,0.3905009329319,479,262,498,280
Varicela (68).jpg,0.37092235684394836,371,273,392,291
Varicela (68).jpg,0.3665398061275482,400,319,422,342
Varicela (68).jpg,0.35972437262535095,437,343,461,368
Varicela (68).jpg,0.33143168687820435,428,410,452,436
Varicela (68).jpg,0.33061617612838745,364,188,386,207
Varicela (68).jpg,0.3107162117958069,374,400,396,424
Varicela (68).jpg,0.3040405511856079,524,482,544,500
Varicela (68).jpg,0.2964414656162262,487,320,502,336
Varicela (68).jpg,0.2542586326599121,427,407,456,439
Varicela (69).jpg,0.633783221244812,145,157,179,190
Varicela (69).jpg,0.5846449732780457,123,176,150,204
Varicela (69).jpg,0.5767014026641846,148,36,202,80
Varicela (69).jpg,0.35805246233940125,261,38,276,54
Varicela (69).jpg,0.3494827449321747,6,39,41,99
Varicela (69).jpg,0.29588931798934937,9,68,35,96
Varicela (69).jpg,0.27281618118286133,58,65,118,148
Varicela (7).png,0.49261391162872314,100,26,109,35
Varicela (7).png,0.4498010575771332,103,145,113,154
Varicela (7).png,0.4265080392360687,94,41,100,47
Varicela (7).png,0.3968457579612732,72,72,79,81
Varicela (7).png,0.3298039138317108,128,44,134,50
Varicela (7).png,0.286091685295105,96,19,101,24
Varicela (7).png,0.2701837122440338,120,117,126,124
Varicela (7).png,0.26992639899253845,106,5,112,11
Varicela (7).png,0.2543085515499115,93,40,101,48
Varicela (70).jpg,0.5085474848747253,764,447,805,488
Varicela (70).jpg,0.4491165578365326,295,278,345,330
Varicela (70).jpg,0.411314994096756,525,410,562,445
Varicela (70).jpg,0.40667882561683655,550,158,589,194
Varicela (70).jpg,0.35950857400894165,959,101,1006,156
Varicela (70).jpg,0.35828444361686707,759,445,809,495
Varicela (70).jpg,0.27392616868019104,887,157,920,197
Varicela (70).jpg,0.2613929212093353,686,232,717,263
Varicela (70).jpg,0.25796565413475037,428,158,459,194
Varicela (70).jpg,0.25262710452079773,1047,91,1093,139
Varicela (71).jpg,0.3700442910194397,83,172,117,200
Varicela (71).jpg,0.32672572135925293,98,89,125,113
Varicela (71).jpg,0.31639859080314636,270,363,288,380
Varicela (71).jpg,0.2620375156402588,123,119,151,140
Varicela (71).jpg,0.25366491079330444,122,312,139,329
Varicela (8).jpg,0.46467888355255127,330,180,398,255
Varicela (8).jpg,0.3997006118297577,265,439,323,500
Varicela (8).jpg,0.3717472553253174,165,273,204,314
Varicela (8).jpg,0.3539338707923889,394,574,449,627
Varicela (8).jpg,0.33625179529190063,0,331,28,371
Varicela (8).jpg,0.3113645613193512,160,270,211,320
Varicela (8).jpg,0.3102302849292755,566,600,618,647
Varicela (8).jpg,0.2868390381336212,55,483,114,538
Varicela (8).jpg,0.2786141633987427,387,562,466,636
Varicela (9).png,0.33481642603874207,115,86,129,105
Varicela (9).png,0.3222753405570984,38,114,139,218
